deaths,injured,missing,houses_destroyed,houses_damaged,directly_affected,indirectly_affected,relocated,evacuated,losses_in_dollar,losses_local_currency,education_centers,hospitals,damages_in_crops_ha,lost_cattle,damages_in_roads_mts,event,start_date,primary_end,secondary_end
111,24,7,564,2303,10200,34500,0,0,0,0,0,0,500.0,0,0.0,FLOODS,1973-07-05,1973-07-10,1973-07-10
0,0,0,0,120,0,0,0,0,0,0,0,0,0.0,0,0.0,FLOODS,1973-07-11,1973-07-16,1973-07-16
0,0,0,140,450,1000,0,0,6000,0,0,0,0,0.0,0,0.0,FLOODS,1973-07-27,1973-08-01,1973-08-01
0,0,0,8,12,80,0,0,0,0,0,0,0,0.0,0,0.0,FLOODS,1973-08-08,1973-08-13,1973-08-13
17,917,0,275,18800,55500,30000,0,2000,0,140000000,0,0,73000.0,0,0.0,FLOODS,1973-08-18,1973-08-23,1973-08-23
0,0,0,0,18520,60080,235000,0,0,0,0,0,0,0.0,0,0.0,FLOODS,1973-08-24,1973-08-29,1973-08-29
0,0,0,0,580,0,4000,0,200,0,0,0,1,0.0,0,0.0,FLOODS,1973-08-30,1973-09-04,1973-09-04
0,0,0,0,0,0,0,0,0,0,0,0,0,0.0,0,0.0,FLOODS,1973-09-19,1973-09-24,1973-09-24
0,0,0,0,0,0,0,0,0,0,0,0,0,0.0,0,0.0,FLOODS,1973-10-09,1973-10-14,1973-10-14
0,0,0,0,0,0,0,0,0,0,0,0,0,0.0,0,0.0,FLOODS,1973-10-18,1973-10-23,1973-10-23
0,7,0,0,250,1000,0,0,0,0,0,0,0,0.0,0,0.0,FLOODS,1973-12-07,1973-12-12,1973-12-12
0,0,0,0,0,0,0,0,0,0,0,0,0,0.0,0,0.0,FLOODS,1974-04-15,1974-04-20,1974-04-20
0,1350,0,40,577,400,0,0,0,0,2610000,0,0,0.0,0,50.0,FLOODS,1974-05-30,1974-06-04,1974-06-04
0,0,0,0,0,0,0,0,0,0,0,0,0,0.0,0,0.0,FLOODS,1974-06-13,1974-06-18,1974-06-18
0,0,0,0,1700,10000,0,0,0,0,500000,0,0,0.0,0,0.0,FLOODS,1974-06-19,1974-06-24,1974-06-24
0,0,0,0,1000,0,4000,0,0,0,0,0,0,0.0,0,0.0,FLOODS,1974-07-02,1974-07-07,1974-07-07
0,0,0,0,0,0,0,0,0,0,0,0,0,0.0,0,0.0,FLOODS,1974-07-09,1974-07-14,1974-07-14
0,0,0,0,0,0,0,0,0,0,0,0,0,0.0,0,0.0,FLOODS,1974-07-23,1974-07-28,1974-07-28
0,2,0,0,45,0,0,0,0,0,0,0,0,0.0,0,0.0,FLOODS,1974-08-05,1974-08-10,1974-08-10
1,0,1,0,60,0,0,0,0,0,0,0,0,0.0,0,0.0,FLOODS,1974-09-11,1974-09-16,1974-09-16
0,0,0,0,0,0,0,0,0,0,0,0,0,5500.0,0,0.0,FLOODS,1974-09-20,1974-09-25,1974-09-25
0,0,0,0,150,300,0,0,0,0,0,0,0,0.0,0,0.0,FLOODS,1974-09-30,1974-10-05,1974-10-05
0,0,0,0,5,0,20,0,0,0,0,0,0,0.0,0,0.0,FLOODS,1974-10-28,1974-11-02,1974-11-02
0,0,0,0,0,0,0,0,0,0,0,0,0,0.0,0,0.0,FLOODS,1974-11-11,1974-11-16,1974-11-16
0,0,0,0,0,0,0,0,0,0,0,0,0,0.0,0,0.0,FLOODS,1975-04-13,1975-04-18,1975-04-18
0,0,0,0,0,0,0,0,0,0,0,0,0,0.0,0,0.0,FLOODS,1975-05-11,1975-05-16,1975-05-16
0,0,0,0,72,0,0,0,0,0,0,0,0,0.0,0,0.0,FLOODS,1975-05-20,1975-05-25,1975-05-25
1,100,0,0,0,0,0,0,0,0,0,0,0,0.0,0,0.0,FLOODS,1975-05-31,1975-06-05,1975-06-05
2,0,0,1,0,0,0,0,0,0,0,0,0,0.0,0,0.0,FLOODS,1975-06-28,1975-07-03,1975-07-03
0,0,0,10,100,90,0,0,0,0,400000,0,0,0.0,0,0.0,FLOODS,1975-07-07,1975-07-12,1975-07-12
1,0,0,0,5150,20000,3062,0,450,0,0,0,0,50000.0,0,0.0,FLOODS,1975-07-13,1975-07-18,1975-07-18
0,0,0,0,0,0,0,0,0,0,0,0,0,0.0,0,0.0,FLOODS,1975-07-21,1975-07-26,1975-07-26
0,0,0,0,0,0,0,0,0,0,0,0,0,0.0,0,0.0,FLOODS,1975-07-28,1975-08-02,1975-08-02
2,0,0,150,9000,9000,0,2200,0,0,0,0,0,0.0,0,0.0,FLOODS,1975-08-08,1975-08-13,1975-08-13
0,0,0,0,0,0,0,0,0,0,0,0,0,0.0,0,0.0,FLOODS,1975-08-19,1975-08-24,1975-08-24
0,0,0,0,0,0,0,0,0,0,0,0,0,0.0,0,0.0,FLOODS,1975-09-03,1975-09-08,1975-09-08
4,0,0,0,2310,16374,15,0,0,0,0,0,0,80360.0,0,0.0,FLOODS,1975-09-10,1975-09-15,1975-09-15
0,0,0,0,0,0,0,0,200,0,0,0,0,0.0,0,0.0,FLOODS,1975-09-18,1975-09-23,1975-09-23
0,0,0,0,0,0,0,0,0,0,0,0,0,0.0,0,0.0,FLOODS,1975-09-29,1975-10-04,1975-10-04
0,0,0,0,50,200,0,0,0,0,0,0,0,0.0,0,0.0,FLOODS,1975-10-13,1975-10-18,1975-10-18
0,0,0,0,0,0,2000,0,0,0,0,0,0,24300.0,0,0.0,FLOODS,1975-11-12,1975-11-17,1975-11-17
0,0,0,50,150,600,0,0,200,0,0,0,0,0.0,0,0.0,FLOODS,1976-02-10,1976-02-15,1976-02-15
0,0,0,0,0,0,0,0,0,0,0,0,0,20000.0,0,0.0,FLOODS,1976-05-05,1976-05-10,1976-05-10
0,0,0,0,30,0,0,0,0,0,0,0,0,300.0,0,0.0,FLOODS,1976-06-01,1976-06-06,1976-06-06
0,0,0,0,62,0,0,0,0,0,0,0,0,0.0,0,0.0,FLOODS,1976-06-08,1976-06-13,1976-06-13
0,0,0,0,200,4600,5000,0,320,0,0,0,0,10300.0,0,0.0,FLOODS,1976-06-27,1976-07-02,1976-07-02
10,30,0,0,530,2200,7000,90,80,0,0,0,0,250.0,0,400.0,FLOODS,1976-07-07,1976-07-12,1976-07-12
76,273,102,427,13050,136100,4000,0,71200,0,200000000,1,0,46150.0,1200,100.0,FLOODS,1976-07-13,1976-07-18,1976-07-18
0,0,0,0,1500,36000,26000,0,778,0,0,0,0,18000.0,0,0.0,FLOODS,1976-07-20,1976-07-25,1976-07-25
0,0,0,0,690,5255,0,0,0,0,0,0,0,21800.0,0,0.0,FLOODS,1976-07-26,1976-07-31,1976-07-31
0,1,0,0,1025,4050,0,0,0,0,0,0,0,0.0,0,0.0,FLOODS,1976-08-06,1976-08-11,1976-08-11
21,0,0,109,0,86000,4000,0,0,0,0,0,0,0.0,0,0.0,FLOODS,1976-08-13,1976-08-18,1976-08-18
4,0,0,0,0,0,0,0,0,0,0,0,0,0.0,0,0.0,FLOODS,1976-09-10,1976-09-15,1976-09-15
0,0,0,0,2158,8352,0,0,5000,0,0,0,0,650.0,0,0.0,FLOODS,1976-10-11,1976-10-16,1976-10-16
0,0,0,0,0,0,0,0,0,0,0,0,0,0.0,0,0.0,FLOODS,1976-12-21,1976-12-26,1976-12-26
0,0,0,0,0,0,0,0,0,0,0,0,0,0.0,0,0.0,FLOODS,1977-01-07,1977-01-12,1977-01-12
0,0,0,0,0,0,0,0,0,0,0,0,0,0.0,0,0.0,FLOODS,1977-04-14,1977-04-19,1977-04-19
0,0,0,0,0,0,2500,0,0,0,0,1,0,0.0,0,0.0,FLOODS,1977-06-05,1977-06-10,1977-06-10
0,0,0,0,0,0,0,0,0,0,0,0,0,0.0,0,0.0,FLOODS,1977-06-13,1977-06-18,1977-06-18
10,0,0,0,0,0,0,0,0,0,0,0,0,0.0,0,0.0,FLOODS,1977-07-08,1977-07-13,1977-07-13
0,0,0,0,0,0,0,0,0,0,0,0,0,0.0,0,0.0,FLOODS,1977-07-17,1977-07-22,1977-07-22
0,0,0,0,0,0,0,0,0,0,0,0,0,0.0,0,0.0,FLOODS,1977-07-23,1977-07-28,1977-07-28
0,0,1,13,730,2875,0,0,0,0,0,0,0,500.0,0,0.0,FLOODS,1977-08-17,1977-08-22,1977-08-22
21,0,0,1111,12317,4000,0,0,40000,0,0,0,0,0.0,0,0.0,FLOODS,1977-09-02,1977-09-07,1977-09-07
0,0,0,0,20,70,0,0,0,0,0,0,0,0.0,0,0.0,FLOODS,1977-10-28,1977-11-02,1977-11-02
0,0,0,129,1000,500,0,0,0,0,0,0,0,0.0,0,0.0,FLOODS,1977-11-22,1977-11-27,1977-11-27
0,0,0,0,100,0,0,0,0,0,0,0,0,0.0,0,0.0,FLOODS,1978-01-12,1978-01-17,1978-01-17
36,0,0,200,0,0,0,0,1400,0,0,0,0,0.0,0,0.0,FLOODS,1978-01-18,1978-01-23,1978-01-23
0,0,0,0,0,0,0,0,0,0,0,0,0,0.0,0,3000.0,FLOODS,1978-02-01,1978-02-06,1978-02-06
0,0,0,0,0,0,0,0,0,0,60000,0,0,11200.0,0,0.0,FLOODS,1978-02-15,1978-02-20,1978-02-20
27,200,0,800,6500,326900,0,0,30000,0,0,0,0,0.0,0,0.0,FLOODS,1978-03-02,1978-03-07,1978-03-07
5,20,0,0,0,0,8000,0,0,0,77000000,0,0,30.0,0,0.0,FLOODS,1978-03-18,1978-03-23,1978-03-23
0,0,0,0,0,10000,0,8000,0,0,0,0,0,0.0,0,0.0,FLOODS,1978-05-06,1978-05-11,1978-05-11
0,0,0,7,0,0,0,0,48,0,0,0,0,0.0,0,0.0,FLOODS,1978-05-22,1978-05-27,1978-05-27
1,0,0,1,0,120,0,0,3000,0,5000000,0,0,0.0,0,0.0,FLOODS,1978-05-31,1978-06-05,1978-06-05
0,0,0,0,0,0,0,0,0,0,0,0,0,0.0,0,0.0,FLOODS,1978-06-19,1978-06-24,1978-06-24
0,0,0,0,0,0,0,0,0,0,0,0,0,0.0,0,0.0,FLOODS,1978-06-30,1978-07-05,1978-07-05
0,0,0,0,150,0,10000,0,0,0,0,0,0,0.0,0,0.0,FLOODS,1978-08-01,1978-08-06,1978-08-06
0,0,0,0,100,50,0,0,0,0,0,0,0,0.0,0,0.0,FLOODS,1978-08-27,1978-09-01,1978-09-01
0,0,0,44,0,30000,0,0,0,0,0,0,0,0.0,0,0.0,FLOODS,1978-09-07,1978-09-12,1978-09-12
4,0,24,1362,10830,82200,0,0,4800,0,50000000,0,0,0.0,0,0.0,FLOODS,1978-09-23,1978-09-28,1978-09-28
0,0,0,0,0,0,0,0,0,0,35000000,0,0,0.0,0,0.0,FLOODS,1978-10-01,1978-10-06,1978-10-06
3,0,40,800,0,0,0,0,5000,0,0,0,0,0.0,0,0.0,FLOODS,1978-10-22,1978-10-27,1978-10-27
0,0,0,0,0,0,0,0,0,0,0,0,0,0.0,0,0.0,FLOODS,1978-12-20,1978-12-25,1978-12-25
0,0,0,0,0,0,0,0,0,0,45000000,0,0,0.0,275,0.0,FLOODS,1979-01-05,1979-01-10,1979-01-10
0,0,0,0,50,0,0,0,200,0,0,0,0,0.0,0,0.0,FLOODS,1979-01-14,1979-01-19,1979-01-19
0,0,0,0,2000,0,308000,0,10120,0,500000000,0,0,0.0,0,0.0,FLOODS,1979-01-21,1979-01-26,1979-01-26
2,0,0,0,0,0,200,0,80,0,0,0,0,0.0,0,0.0,FLOODS,1979-01-28,1979-02-02,1979-02-02
1,12,3,0,0,25000,22300,0,0,0,15000000,0,0,18000.0,0,0.0,FLOODS,1979-02-03,1979-02-08,1979-02-08
0,0,0,0,0,0,0,0,0,0,0,0,0,0.0,0,0.0,FLOODS,1979-04-21,1979-04-26,1979-04-26
0,0,0,0,0,0,0,0,0,0,0,0,0,500.0,0,0.0,FLOODS,1979-06-01,1979-06-06,1979-06-06
0,0,0,0,0,0,0,0,0,0,1000000000,0,0,0.0,0,0.0,FLOODS,1979-06-09,1979-06-14,1979-06-14
0,9,0,0,120,0,480,0,0,0,0,1,0,0.0,0,0.0,FLOODS,1979-06-29,1979-07-04,1979-07-04
0,0,0,0,0,0,0,0,0,0,0,0,0,0.0,0,0.0,FLOODS,1979-07-10,1979-07-15,1979-07-15
0,10,0,0,0,0,0,0,80,0,0,0,0,0.0,0,0.0,FLOODS,1979-07-26,1979-07-31,1979-07-31
2,156,0,49,200,2500,40800,0,50,0,50000000,0,0,0.0,0,0.0,FLOODS,1979-08-06,1979-08-11,1979-08-11
9,30,0,0,0,0,4600,0,0,0,0,0,0,0.0,0,0.0,FLOODS,1979-08-12,1979-08-17,1979-08-17
1,8,0,0,1100,2000,118000,0,2000,0,0,0,0,200000.0,400000,140000.0,FLOODS,1979-08-26,1979-08-31,1979-08-31
2,5,0,9,700,0,725000,0,0,0,0,0,0,0.0,0,0.0,FLOODS,1979-09-07,1979-09-12,1979-09-12
75,254,4,22,11905,84550,550,0,8800,0,137000000,0,0,13000.0,12000,0.0,FLOODS,1979-09-13,1979-09-18,1979-09-18
0,0,1,0,1600,13500,0,0,0,0,70000000,0,0,52500.0,0,40000.0,FLOODS,1979-09-20,1979-09-25,1979-09-25
6,0,0,6,0,0,0,0,0,0,0,0,0,2000.0,0,0.0,FLOODS,1979-09-29,1979-10-04,1979-10-04
3,0,20,0,0,30000,0,0,100000,0,2000000000,0,0,0.0,0,0.0,FLOODS,1980-01-31,1980-02-05,1980-02-05
0,0,0,0,0,0,0,0,0,0,0,0,0,0.0,0,0.0,FLOODS,1980-02-14,1980-02-19,1980-02-19
2,0,0,0,0,0,4000,0,0,0,200000000,0,0,0.0,0,0.0,FLOODS,1980-02-20,1980-02-25,1980-02-25
3,28,0,0,0,0,0,0,0,0,0,0,0,0.0,0,0.0,FLOODS,1980-05-18,1980-05-23,1980-05-23
0,0,0,1,0,0,0,0,0,0,0,0,0,0.0,0,0.0,FLOODS,1980-07-09,1980-07-14,1980-07-14
0,0,0,0,0,0,0,0,0,0,0,0,0,0.0,0,0.0,FLOODS,1980-07-23,1980-07-28,1980-07-28
2,11,0,0,0,0,0,0,0,0,0,0,0,0.0,0,0.0,FLOODS,1980-08-13,1980-08-18,1980-08-18
14,4,40,258,105,0,0,0,0,0,50000000,0,0,0.0,0,0.0,FLOODS,1980-08-28,1980-09-02,1980-09-02
2,1,0,0,0,0,0,0,0,0,0,0,0,0.0,0,0.0,FLOODS,1980-09-06,1980-09-11,1980-09-11
5,0,0,0,0,55000,0,0,0,0,0,0,0,0.0,0,0.0,FLOODS,1980-09-25,1980-09-30,1980-09-30
0,0,0,0,0,0,12500,0,0,0,0,0,0,5000.0,4000,0.0,FLOODS,1980-10-01,1980-10-06,1980-10-06
4,0,0,0,3000,20000,0,0,5000,0,0,0,0,8362.0,0,0.0,FLOODS,1980-10-16,1980-10-21,1980-10-21
0,0,0,0,0,12800,0,0,0,0,0,0,0,31000.0,0,0.0,FLOODS,1980-10-31,1980-11-05,1980-11-05
0,0,0,0,0,0,0,0,0,0,0,0,0,0.0,0,0.0,FLOODS,1981-01-08,1981-01-13,1981-01-13
0,0,0,0,0,0,0,0,0,0,0,0,0,0.0,0,0.0,FLOODS,1981-01-20,1981-01-25,1981-01-25
0,0,0,0,0,0,0,0,0,0,0,0,0,0.0,0,0.0,FLOODS,1981-02-13,1981-02-18,1981-02-18
8,0,0,0,52,52400,0,0,10000,0,2000000,0,0,10600.0,0,0.0,FLOODS,1981-06-14,1981-06-19,1981-06-19
2,0,0,10,0,124540,0,0,0,0,10000000,0,0,1000.0,0,0.0,FLOODS,1981-06-22,1981-06-27,1981-06-27
3,0,0,0,0,0,5000,0,0,0,0,0,0,0.0,0,0.0,FLOODS,1981-07-01,1981-07-06,1981-07-06
0,0,0,0,0,0,0,0,1600,0,18000000,0,0,5000.0,100,0.0,FLOODS,1981-07-09,1981-07-14,1981-07-14
0,0,0,200,0,3026,0,0,40,0,0,0,0,0.0,0,0.0,FLOODS,1981-07-15,1981-07-20,1981-07-20
8,0,12,32,32,10000,0,0,0,0,0,0,0,0.0,0,0.0,FLOODS,1981-08-09,1981-08-14,1981-08-14
1,0,2,15,0,0,0,0,2000,0,60000000,0,0,103000.0,0,0.0,FLOODS,1981-08-20,1981-08-25,1981-08-25
9,0,1,50,13,1000000,0,0,592,0,650000000,0,0,526300.0,0,0.0,FLOODS,1981-08-26,1981-08-31,1981-08-31
0,0,0,0,0,15000,0,0,0,0,200000000,0,0,0.0,0,0.0,FLOODS,1981-09-01,1981-09-06,1981-09-06
3,0,0,0,0,0,0,0,3000,0,0,0,0,200.0,0,0.0,FLOODS,1981-09-07,1981-09-12,1981-09-12
0,10,0,80,0,55000,0,0,10000,0,0,0,0,0.0,0,0.0,FLOODS,1981-09-22,1981-09-27,1981-09-27
70,0,0,18000,0,65000,0,0,15000,0,0,0,0,60000.0,1600,0.0,FLOODS,1981-10-08,1981-10-13,1981-10-13
0,0,0,0,0,0,0,0,0,0,0,0,0,0.0,0,0.0,FLOODS,1982-03-13,1982-03-18,1982-03-18
0,0,0,0,0,0,0,0,0,0,0,0,0,0.0,0,0.0,FLOODS,1982-04-28,1982-05-03,1982-05-03
0,25,0,12,0,0,0,0,100,0,0,0,0,300.0,0,0.0,FLOODS,1982-05-17,1982-05-22,1982-05-22
0,0,0,0,5000,0,1000000,0,0,0,0,0,0,0.0,0,300.0,FLOODS,1982-05-26,1982-05-31,1982-05-31
0,0,0,0,0,0,0,0,1200,0,0,0,0,0.0,0,0.0,FLOODS,1982-06-12,1982-06-17,1982-06-17
0,0,0,0,0,0,0,0,0,0,0,0,0,0.0,0,0.0,FLOODS,1982-06-18,1982-06-23,1982-06-23
0,0,1,0,0,0,0,0,0,0,0,0,0,0.0,0,0.0,FLOODS,1982-06-26,1982-07-01,1982-07-01
0,0,0,2,78,0,4000,0,0,0,0,0,0,0.0,0,0.0,FLOODS,1982-07-03,1982-07-08,1982-07-08
3,0,0,0,500,2000,0,0,0,0,0,0,0,0.0,0,0.0,FLOODS,1982-07-11,1982-07-16,1982-07-16
1,0,0,0,0,0,0,0,0,0,30000,0,0,0.0,0,0.0,FLOODS,1982-07-17,1982-07-22,1982-07-22
0,0,0,3,0,0,15000,0,0,0,0,0,0,3.5,0,0.0,FLOODS,1982-07-28,1982-08-02,1982-08-02
0,0,0,0,0,0,0,0,0,0,5000000,0,0,0.0,0,0.0,FLOODS,1982-08-03,1982-08-08,1982-08-08
0,0,0,0,0,0,0,0,0,0,50000000,0,0,0.0,0,0.0,FLOODS,1982-08-10,1982-08-15,1982-08-15
0,0,0,0,0,0,0,0,0,0,0,0,0,0.0,0,0.0,FLOODS,1982-08-19,1982-08-24,1982-08-24
0,0,0,0,0,0,0,0,0,0,0,0,0,0.0,0,0.0,FLOODS,1982-09-13,1982-09-18,1982-09-18
0,0,0,116,0,0,0,0,0,0,40000,0,0,0.0,0,0.0,FLOODS,1982-09-19,1982-09-24,1982-09-24
19,82,0,1,0,120000,100000,0,5000,0,300000,0,0,211.0,0,0.0,FLOODS,1982-09-30,1982-10-05,1982-10-05
1,1,0,1,0,5000,201000,0,0,0,0,0,0,500000.0,0,0.0,FLOODS,1982-10-07,1982-10-12,1982-10-12
0,0,0,0,0,0,5000,0,0,0,0,0,0,0.0,30000,0.0,FLOODS,1982-10-18,1982-10-23,1982-10-23
1,0,0,0,0,0,0,0,0,0,0,0,0,0.0,0,0.0,FLOODS,1982-11-04,1982-11-09,1982-11-09
0,0,0,0,0,3000,0,0,0,0,0,0,0,0.0,0,0.0,FLOODS,1982-11-19,1982-11-24,1982-11-24
0,0,0,0,0,0,12000,0,0,0,0,0,0,10000.0,0,0.0,FLOODS,1983-01-04,1983-01-09,1983-01-09
0,0,0,0,0,0,0,0,100,0,0,0,0,0.0,0,0.0,FLOODS,1983-02-05,1983-02-10,1983-02-10
10,0,0,0,0,0,0,0,224,0,3000000000,0,0,0.0,0,0.0,FLOODS,1983-03-01,1983-03-06,1983-03-06
0,0,0,0,0,0,0,0,400,0,0,0,0,10000.0,0,0.0,FLOODS,1983-03-07,1983-03-12,1983-03-12
0,0,0,20,0,0,0,0,0,0,0,0,0,0.0,0,0.0,FLOODS,1983-04-08,1983-04-13,1983-04-13
0,0,0,0,0,0,0,0,0,0,0,0,0,0.0,0,0.0,FLOODS,1983-05-11,1983-05-16,1983-05-16
0,0,0,4,0,0,50000,0,0,0,0,0,0,0.0,0,0.0,FLOODS,1983-05-23,1983-05-28,1983-05-28
1,15,0,0,5,0,0,0,800,0,0,0,0,0.0,0,0.0,FLOODS,1983-06-15,1983-06-20,1983-06-20
1,0,0,0,0,0,0,0,20000,0,0,0,0,200.0,0,0.0,FLOODS,1983-06-21,1983-06-26,1983-06-26
1,0,0,5,145,385,30000,0,2880,0,10000000,1,0,1000.0,0,41.0,FLOODS,1983-07-01,1983-07-06,1983-07-06
2,0,0,3,1000,11600,5000,0,0,0,300000000,0,0,147000.0,0,0.0,FLOODS,1983-07-08,1983-07-13,1983-07-13
2,0,3,30,2000,32500,0,0,80,0,0,0,1,2700.0,0,0.0,FLOODS,1983-07-14,1983-07-19,1983-07-19
0,0,0,67,0,12000,8000,0,20000,0,0,0,0,16600.0,400,0.0,FLOODS,1983-07-20,1983-07-25,1983-07-25
0,0,0,0,0,800,0,0,0,0,0,0,0,0.0,0,0.0,FLOODS,1983-07-27,1983-08-01,1983-08-01
0,0,0,8,0,120,23,0,80,0,0,0,0,0.0,0,0.0,FLOODS,1983-08-03,1983-08-08,1983-08-08
4,0,0,22,420,2160,2000,0,0,0,125000000,0,0,500.0,0,0.0,FLOODS,1983-08-15,1983-08-20,1983-08-20
1,0,0,0,0,0,0,0,0,0,2000000,0,0,300.0,0,0.0,FLOODS,1983-09-02,1983-09-07,1983-09-07
3,0,0,5,0,0,0,0,0,0,0,0,0,0.0,0,0.0,FLOODS,1983-09-12,1983-09-17,1983-09-17
0,0,0,0,0,0,12000,0,0,0,25000000,0,0,11000.0,0,0.0,FLOODS,1983-09-19,1983-09-24,1983-09-24
0,0,0,0,0,0,0,0,0,0,0,0,0,3500.0,0,0.0,FLOODS,1983-10-06,1983-10-11,1983-10-11
0,0,0,0,0,0,0,0,0,0,0,0,0,0.0,0,0.0,FLOODS,1983-10-19,1983-10-24,1983-10-24
0,0,0,0,0,0,100,0,0,0,0,0,0,0.0,0,0.0,FLOODS,1984-01-25,1984-01-30,1984-01-30
2,15,0,3,12,0,0,0,120,0,0,0,0,0.0,0,0.0,FLOODS,1984-05-11,1984-05-16,1984-05-16
1,0,0,0,0,0,0,0,0,0,0,0,0,0.0,0,0.0,FLOODS,1984-05-31,1984-06-05,1984-06-05
0,0,0,12,18,0,2000,0,0,0,0,0,0,0.0,0,0.0,FLOODS,1984-06-12,1984-06-17,1984-06-17
0,0,0,0,0,0,18000,0,12000,0,0,0,0,100.0,0,0.0,FLOODS,1984-07-03,1984-07-08,1984-07-08
0,0,0,0,0,0,20000,0,0,0,0,0,0,1000.0,0,0.0,FLOODS,1984-07-09,1984-07-14,1984-07-14
1,5,0,5,223,0,15400,0,0,0,0,0,0,22200.0,0,0.0,FLOODS,1984-07-17,1984-07-22,1984-07-22
1,0,0,0,23,0,0,0,0,0,500000000,0,1,600.0,0,0.0,FLOODS,1984-07-28,1984-08-02,1984-08-02
4,0,0,363,550,120,0,0,600,0,5000000,0,0,54550.0,0,0.0,FLOODS,1984-08-03,1984-08-08,1984-08-08
16,28,5,49,735,3000,10000,0,0,0,250000000,0,0,40400.0,300,0.0,FLOODS,1984-08-09,1984-08-14,1984-08-14
0,0,0,40,0,100,0,0,0,0,2000000,0,0,0.0,0,0.0,FLOODS,1984-08-15,1984-08-20,1984-08-20
1,0,0,0,0,0,0,0,0,0,0,0,0,0.0,0,0.0,FLOODS,1984-08-24,1984-08-29,1984-08-29
47,0,12,0,0,0,800,0,0,0,0,0,0,0.0,0,0.0,FLOODS,1984-09-02,1984-09-07,1984-09-07
3,5,0,1000,3000,19800,14000,0,1000,0,0,0,0,8000.0,0,0.0,FLOODS,1984-09-08,1984-09-13,1984-09-13
12,0,0,0,0,0,3000,0,0,0,0,0,0,0.0,0,0.0,FLOODS,1984-09-17,1984-09-22,1984-09-22
0,0,0,0,0,0,0,0,0,0,0,0,0,0.0,0,0.0,FLOODS,1984-09-26,1984-10-01,1984-10-01
0,0,0,0,0,0,0,0,0,0,0,0,0,0.0,0,0.0,FLOODS,1984-10-02,1984-10-07,1984-10-07
0,0,0,0,0,0,1600,0,0,0,0,0,0,200.0,0,0.0,FLOODS,1984-10-16,1984-10-21,1984-10-21
0,0,0,6000,300,0,0,0,6000,0,0,0,0,0.0,0,0.0,FLOODS,1984-12-18,1984-12-23,1984-12-23
0,0,0,400,0,0,51300,0,0,0,0,0,0,0.0,0,0.0,FLOODS,1985-01-08,1985-01-13,1985-01-13
0,0,0,0,0,0,0,0,0,0,0,0,0,0.0,0,0.0,FLOODS,1985-01-15,1985-01-20,1985-01-20
0,0,0,0,320,0,0,0,0,0,0,0,0,0.0,0,0.0,FLOODS,1985-04-10,1985-04-15,1985-04-15
1,0,4,0,0,0,20000,0,250,0,0,0,0,0.0,0,0.0,FLOODS,1985-06-03,1985-06-08,1985-06-08
0,0,0,0,300,100000,83200,0,0,0,150000000,0,0,750.0,0,0.0,FLOODS,1985-06-17,1985-06-22,1985-06-22
2,1,0,0,10001,500,0,0,0,0,0,0,0,5000.0,0,0.0,FLOODS,1985-07-01,1985-07-06,1985-07-06
0,9,0,0,100,0,0,0,0,0,0,0,0,0.0,0,0.0,FLOODS,1985-08-13,1985-08-18,1985-08-18
0,0,0,0,0,0,0,0,0,0,0,0,0,0.0,0,0.0,FLOODS,1985-09-20,1985-09-25,1985-09-25
0,0,0,30,170,80000,0,0,0,0,0,0,0,0.0,0,0.0,FLOODS,1985-10-09,1985-10-14,1985-10-14
0,0,0,0,0,0,0,0,0,0,0,0,0,80000.0,0,0.0,FLOODS,1986-01-23,1986-01-28,1986-01-28
2,0,0,0,1400,0,0,0,0,0,0,0,0,0.0,0,0.0,FLOODS,1986-05-24,1986-05-29,1986-05-29
1,0,0,900,800,8000,0,0,0,0,0,0,0,0.0,400,289000.0,FLOODS,1986-05-30,1986-06-04,1986-06-04
2,0,0,1,0,0,15000,0,0,0,0,0,0,0.0,1000,0.0,FLOODS,1986-06-06,1986-06-11,1986-06-11
0,0,0,0,0,0,0,0,0,0,0,0,0,0.0,0,0.0,FLOODS,1986-06-17,1986-06-22,1986-06-22
0,0,0,4,0,248,0,0,0,0,120000000,0,0,3000.0,0,0.0,FLOODS,1986-07-01,1986-07-06,1986-07-06
5,0,0,0,0,0,0,0,0,0,0,0,0,0.0,0,0.0,FLOODS,1986-07-11,1986-07-16,1986-07-16
0,0,0,0,0,0,0,100,0,0,500000000,0,0,0.0,0,0.0,FLOODS,1986-07-18,1986-07-23,1986-07-23
2,0,0,3,50,0,0,0,200,0,0,0,0,40000.0,0,0.0,FLOODS,1986-07-24,1986-07-29,1986-07-29
0,0,9,0,0,3000,0,0,0,0,0,0,0,0.0,0,0.0,FLOODS,1986-08-23,1986-08-28,1986-08-28
26,0,40,0,0,7800,45000,40000,15000,0,0,0,0,45200.0,0,0.0,FLOODS,1986-09-03,1986-09-08,1986-09-08
1,0,0,16,0,0,120000,2800,0,0,0,0,0,150000.0,0,0.0,FLOODS,1986-09-11,1986-09-16,1986-09-16
1,0,0,203,0,1300,0,0,0,0,13600000000,0,0,0.0,0,0.0,FLOODS,1986-10-02,1986-10-07,1986-10-07
0,0,0,0,0,10400,0,0,0,0,0,0,0,50000.0,0,0.0,FLOODS,1986-10-22,1986-10-27,1986-10-27
0,0,0,0,0,0,0,0,0,0,0,0,0,0.0,0,0.0,FLOODS,1987-01-03,1987-01-08,1987-01-08
0,0,0,0,0,0,0,0,0,0,30000000,0,0,100000.0,0,0.0,FLOODS,1987-01-13,1987-01-18,1987-01-18
0,0,0,0,0,0,0,0,0,0,0,0,0,0.0,0,0.0,FLOODS,1987-01-19,1987-01-24,1987-01-24
0,0,0,0,0,0,0,0,0,0,0,0,0,13031.0,0,0.0,FLOODS,1987-02-01,1987-02-06,1987-02-06
10,0,0,2,200,3200,1500,0,0,0,120000000,0,0,5000.0,0,0.0,FLOODS,1987-06-13,1987-06-18,1987-06-18
0,0,0,0,600,0,0,0,0,0,0,0,0,0.0,0,0.0,FLOODS,1987-06-23,1987-06-28,1987-06-28
2,2,0,0,0,5000,0,0,0,0,0,0,0,0.0,0,0.0,FLOODS,1987-07-25,1987-07-30,1987-07-30
0,0,0,0,0,0,0,0,0,0,0,0,0,0.0,0,0.0,FLOODS,1987-08-06,1987-08-11,1987-08-11
0,0,0,0,0,0,0,0,200,0,0,0,0,0.0,0,0.0,FLOODS,1987-09-08,1987-09-13,1987-09-13
0,0,0,0,700,0,0,0,0,0,0,0,0,0.0,0,0.0,FLOODS,1987-09-19,1987-09-24,1987-09-24
17,0,0,0,0,0,0,0,0,0,0,0,0,0.0,0,0.0,FLOODS,1987-10-09,1987-10-14,1987-10-14
0,0,0,0,0,0,0,0,0,0,0,0,0,600.0,0,0.0,FLOODS,1988-01-06,1988-01-11,1988-01-11
0,0,0,0,0,0,100000,0,0,0,0,0,0,0.0,0,0.0,FLOODS,1988-06-01,1988-06-06,1988-06-06
8,0,0,0,0,0,0,0,0,0,0,0,0,0.0,0,0.0,FLOODS,1988-06-15,1988-06-20,1988-06-20
7,0,0,0,12,0,0,0,0,0,0,0,0,0.0,0,0.0,FLOODS,1988-06-23,1988-06-28,1988-06-28
2,0,5,283,500,7000,0,0,0,0,0,0,0,0.0,0,0.0,FLOODS,1988-06-29,1988-07-04,1988-07-04
0,0,5,10,0,0,0,0,0,0,0,0,0,0.0,0,0.0,FLOODS,1988-07-05,1988-07-10,1988-07-10
0,0,0,0,0,250,0,0,0,0,0,0,0,0.0,0,0.0,FLOODS,1988-07-12,1988-07-17,1988-07-17
2,12,0,10,0,0,0,0,0,0,0,0,0,0.0,0,0.0,FLOODS,1988-07-22,1988-07-27,1988-07-27
0,0,0,0,10,0,0,0,0,0,0,0,0,0.0,0,0.0,FLOODS,1988-08-02,1988-08-07,1988-08-07
5,0,200,0,60,70000,0,0,0,0,3600000000,0,0,0.0,0,0.0,FLOODS,1988-08-10,1988-08-15,1988-08-15
7,2,2,0,1724,49654,0,0,0,0,0,0,0,8000.0,0,0.0,FLOODS,1988-08-16,1988-08-21,1988-08-21
0,0,0,1,200,0,1000,0,0,0,0,0,0,0.0,0,0.0,FLOODS,1988-08-22,1988-08-27,1988-08-27
0,0,0,0,157,1800,0,0,500,0,0,0,0,0.0,0,0.0,FLOODS,1988-08-30,1988-09-04,1988-09-04
57,7,8,779,7538,422282,253900,0,2576,0,45000000000,0,0,126520.0,1500,0.0,FLOODS,1988-09-05,1988-09-10,1988-09-10
0,0,0,0,0,0,3000,0,0,0,0,0,0,50.0,0,0.0,FLOODS,1988-09-13,1988-09-18,1988-09-18
0,0,0,0,0,0,0,0,2000,0,0,0,0,0.0,0,0.0,FLOODS,1988-09-22,1988-09-27,1988-09-27
0,0,0,0,300,33200,0,0,0,0,0,0,0,20000.0,0,0.0,FLOODS,1988-10-05,1988-10-10,1988-10-10
0,0,0,0,0,0,0,0,0,0,0,0,0,20000.0,0,0.0,FLOODS,1988-10-11,1988-10-16,1988-10-16
4,0,0,495,320,0,0,0,0,0,0,0,0,0.0,0,0.0,FLOODS,1989-04-12,1989-04-17,1989-04-17
0,0,0,0,38,0,400000,0,0,0,0,0,0,0.0,0,0.0,FLOODS,1989-06-23,1989-06-28,1989-06-28
2,0,0,0,0,0,200,0,0,0,0,0,0,100.0,0,0.0,FLOODS,1989-06-29,1989-07-04,1989-07-04
1,0,0,0,700,5000,0,0,0,0,0,0,0,100.0,0,0.0,FLOODS,1989-07-15,1989-07-20,1989-07-20
2,0,0,5,0,30,5000,0,0,0,0,0,0,0.0,0,0.0,FLOODS,1989-08-01,1989-08-06,1989-08-06
0,17,0,85,80,840,150000,0,140,0,0,0,0,0.0,0,0.0,FLOODS,1989-08-15,1989-08-20,1989-08-20
1,150,8,5,500,3317,0,0,0,0,0,0,0,0.0,0,0.0,FLOODS,1989-08-24,1989-08-29,1989-08-29
0,1,0,2,0,10000,0,0,0,0,0,1,0,0.0,0,0.0,FLOODS,1989-09-01,1989-09-06,1989-09-06
3,0,0,676,13609,47958,35800,0,3000,0,9020000000,0,0,2500.0,0,0.0,FLOODS,1989-09-18,1989-09-23,1989-09-23
3,0,0,0,3609,49335,0,0,0,0,0,0,0,214674.0,577,0.0,FLOODS,1989-09-24,1989-09-29,1989-09-29
0,0,0,0,1300,2700,10000,0,0,0,0,0,0,0.0,0,0.0,FLOODS,1989-10-16,1989-10-21,1989-10-21
0,0,0,0,0,0,0,0,0,0,0,0,0,0.0,0,0.0,FLOODS,1990-04-12,1990-04-17,1990-04-17
0,0,0,0,0,0,0,0,0,0,0,0,0,0.0,0,0.0,FLOODS,1990-05-14,1990-05-19,1990-05-19
0,0,0,0,0,1000,0,0,0,0,0,0,0,0.0,0,0.0,FLOODS,1990-06-21,1990-06-26,1990-06-26
5,1,1,20,194,50,150000,0,0,0,0,0,0,0.0,0,0.0,FLOODS,1990-07-02,1990-07-07,1990-07-07
2,3,0,4,900,130,14800,0,0,0,0,0,0,0.0,0,0.0,FLOODS,1990-07-11,1990-07-16,1990-07-16
2,0,0,0,0,0,0,0,3000,0,0,0,0,25000.0,0,2000.0,FLOODS,1990-07-20,1990-07-25,1990-07-25
1,1,0,10,55,12200,6130,0,7000,0,0,0,0,18000.0,0,0.0,FLOODS,1990-08-01,1990-08-06,1990-08-06
12,100,0,0,1000,5000,25000,0,0,0,0,0,0,0.0,0,0.0,FLOODS,1990-08-09,1990-08-14,1990-08-14
2,0,0,65,100,450,12,0,450,0,0,0,0,14200.0,0,0.0,FLOODS,1990-08-16,1990-08-21,1990-08-21
0,26,0,0,0,50,0,0,0,0,0,0,0,0.0,0,0.0,FLOODS,1990-09-03,1990-09-08,1990-09-08
0,0,0,0,0,0,0,0,0,0,0,0,0,0.0,0,0.0,FLOODS,1990-09-09,1990-09-14,1990-09-14
200,0,200,500,1700,7100,0,0,0,0,0,0,0,200.0,0,0.0,FLOODS,1990-09-19,1990-09-24,1990-09-24
8,0,0,0,0,0,0,0,0,0,4000000,0,1,350.0,200,0.0,FLOODS,1990-10-04,1990-10-09,1990-10-09
0,0,0,0,0,0,20000,0,0,0,0,0,0,30000.0,0,0.0,FLOODS,1990-10-19,1990-10-24,1990-10-24
0,0,0,0,50,0,0,0,250,0,0,0,0,0.0,0,0.0,FLOODS,1990-11-03,1990-11-08,1990-11-08
0,0,0,0,0,0,20000,0,0,0,0,0,0,0.0,0,0.0,FLOODS,1990-11-13,1990-11-18,1990-11-18
0,0,0,0,250,3250,0,0,0,0,0,0,0,0.0,0,0.0,FLOODS,1990-12-03,1990-12-08,1990-12-08
0,0,0,0,0,10000,0,0,0,0,0,0,0,0.0,0,0.0,FLOODS,1990-12-31,1991-01-05,1991-01-05
0,0,0,0,0,0,0,0,0,0,0,0,0,0.0,0,0.0,FLOODS,1991-04-08,1991-04-13,1991-04-13
0,0,0,0,0,0,0,0,0,0,0,0,0,0.0,0,0.0,FLOODS,1991-05-02,1991-05-07,1991-05-07
3,0,0,0,15,0,0,0,0,0,0,0,0,0.0,0,0.0,FLOODS,1991-05-14,1991-05-19,1991-05-19
0,0,0,0,0,0,0,0,0,0,0,0,0,0.0,0,0.0,FLOODS,1991-06-19,1991-06-24,1991-06-24
0,28,0,0,1801,2068,1500,0,0,0,4000000,0,0,0.0,0,0.0,FLOODS,1991-06-25,1991-06-30,1991-06-30
14,4,0,0,7438,36000,33000,0,0,0,150000000,0,0,0.0,0,0.0,FLOODS,1991-07-02,1991-07-07,1991-07-07
8,6,0,152,71,1000,0,0,0,0,1200900000,0,0,0.0,0,0.0,FLOODS,1991-07-08,1991-07-13,1991-07-13
0,0,0,0,182,570,0,0,0,0,0,0,0,116.0,0,0.0,FLOODS,1991-07-14,1991-07-19,1991-07-19
0,0,0,190,1340,7400,0,0,0,0,0,0,0,83000.0,0,0.0,FLOODS,1991-07-21,1991-07-26,1991-07-26
84,0,0,544,436,1730,0,0,0,0,0,0,0,0.0,0,0.0,FLOODS,1991-07-27,1991-08-01,1991-08-01
0,0,0,0,190,600,0,0,0,0,0,0,0,0.0,0,0.0,FLOODS,1991-08-08,1991-08-13,1991-08-13
0,0,3,0,12,0,0,0,0,0,0,0,0,0.0,0,0.0,FLOODS,1991-08-21,1991-08-26,1991-08-26
0,0,0,0,520,1300,0,0,2700,0,2500000,0,0,2950.0,0,0.0,FLOODS,1991-08-31,1991-09-05,1991-09-05
17,0,0,262,1398,3958,2500,0,440,0,0,0,0,148566.0,0,0.0,FLOODS,1991-09-06,1991-09-11,1991-09-11
2,0,0,0,794,2500,0,0,0,0,0,0,0,284100.0,0,0.0,FLOODS,1991-09-14,1991-09-19,1991-09-19
20,0,0,200,13471,26785,78000,0,500,0,0,0,0,14788.0,0,3000.0,FLOODS,1991-09-20,1991-09-25,1991-09-25
1,0,0,235,422,6960,0,0,400,0,9015000000,0,0,23569.0,0,0.0,FLOODS,1991-09-26,1991-10-01,1991-10-01
13,0,0,15,483,7360,11600,0,0,0,0,0,0,100.0,0,0.0,FLOODS,1991-10-02,1991-10-07,1991-10-07
30,0,4,174,640,17800,87000,0,300,0,0,0,0,41240.0,0,0.0,FLOODS,1991-10-08,1991-10-13,1991-10-13
1,0,0,0,1200,6000,25000,0,488,0,0,0,0,12000.0,0,0.0,FLOODS,1991-10-14,1991-10-19,1991-10-19
1,0,0,0,71,0,0,0,0,0,0,0,0,82.0,0,0.0,FLOODS,1991-11-10,1991-11-15,1991-11-15
0,0,0,0,0,0,0,0,0,0,0,0,0,0.0,0,0.0,FLOODS,1991-11-26,1991-12-01,1991-12-01
0,0,0,0,0,0,0,0,0,0,0,0,0,0.0,0,0.0,FLOODS,1991-12-05,1991-12-10,1991-12-10
0,0,0,0,0,0,0,0,0,0,0,0,0,150000.0,0,0.0,FLOODS,1991-12-14,1991-12-19,1991-12-19
0,0,0,0,100,0,0,0,500,0,0,0,0,449000.0,0,0.0,FLOODS,1991-12-22,1991-12-27,1991-12-27
0,0,0,0,0,0,11650,0,480,0,0,0,0,49650.0,0,0.0,FLOODS,1992-01-11,1992-01-16,1992-01-16
0,3,0,0,3104,15010,1545455,0,1052,0,0,0,0,179355.0,700,0.0,FLOODS,1992-01-17,1992-01-22,1992-01-22
0,0,0,5,123,0,2121,0,0,0,0,0,0,22327.0,0,0.0,FLOODS,1992-01-25,1992-01-30,1992-01-30
0,0,0,0,0,0,0,0,0,0,0,0,0,3000.0,0,0.0,FLOODS,1992-01-31,1992-02-05,1992-02-05
1,0,0,0,0,0,200,0,0,0,0,0,0,0.0,0,0.0,FLOODS,1992-02-10,1992-02-15,1992-02-15
0,0,0,0,0,0,0,0,0,0,0,0,0,298.0,0,0.0,FLOODS,1992-02-20,1992-02-25,1992-02-25
0,0,0,0,25,0,200,0,0,0,0,0,0,0.0,0,0.0,FLOODS,1992-03-23,1992-03-28,1992-03-28
0,0,0,0,0,0,0,0,0,0,0,0,0,0.0,0,0.0,FLOODS,1992-04-13,1992-04-18,1992-04-18
3,0,2,0,41,0,80,0,200,0,0,0,0,1200.0,0,0.0,FLOODS,1992-05-17,1992-05-22,1992-05-22
0,0,0,0,60,0,0,0,100,0,0,0,0,9000.0,0,0.0,FLOODS,1992-05-28,1992-06-02,1992-06-02
1,1,0,0,390,1060,15300,0,0,0,0,0,0,0.0,0,0.0,FLOODS,1992-06-04,1992-06-09,1992-06-09
0,0,0,0,30,0,46,0,0,0,0,1,0,1006.0,0,0.0,FLOODS,1992-06-10,1992-06-15,1992-06-15
0,0,0,110,760,100,4200,0,0,0,0,0,0,611.0,0,0.0,FLOODS,1992-06-18,1992-06-23,1992-06-23
3,0,0,0,78,0,165,0,215,0,0,0,0,0.0,0,0.0,FLOODS,1992-06-30,1992-07-05,1992-07-05
0,0,0,65,500,0,0,0,0,0,0,0,0,0.0,0,0.0,FLOODS,1992-07-07,1992-07-12,1992-07-12
6,2,4,0,702,3500,0,0,4120,0,0,0,0,0.0,0,0.0,FLOODS,1992-07-18,1992-07-23,1992-07-23
3,11,0,0,525,160,0,0,100,0,0,0,0,0.0,0,0.0,FLOODS,1992-07-24,1992-07-29,1992-07-29
0,0,0,60,3,8,2000,0,0,0,0,0,0,0.0,0,0.0,FLOODS,1992-07-30,1992-08-04,1992-08-04
0,0,1,2,505,150,2255,0,0,0,0,0,0,0.0,0,0.0,FLOODS,1992-08-06,1992-08-11,1992-08-11
4,1,0,0,560,0,1100,0,0,0,0,0,0,0.0,0,0.0,FLOODS,1992-08-12,1992-08-17,1992-08-17
0,0,1,92,1319,8500,12000,0,8,0,0,0,0,4165.0,0,0.0,FLOODS,1992-08-18,1992-08-23,1992-08-23
1,15,0,0,324,30,205,0,0,0,0,0,0,0.0,0,0.0,FLOODS,1992-08-24,1992-08-29,1992-08-29
0,0,0,155,492,100,770,0,0,0,0,0,0,0.0,0,0.0,FLOODS,1992-09-02,1992-09-07,1992-09-07
1,4,0,20,470,175,1635,0,95,0,0,0,0,316.0,0,0.0,FLOODS,1992-09-08,1992-09-13,1992-09-13
0,0,3,736,3389,4877,19708,0,0,0,0,0,0,40.0,0,0.0,FLOODS,1992-09-14,1992-09-19,1992-09-19
4,0,0,0,2801,0,571,0,0,0,0,0,0,0.0,0,0.0,FLOODS,1992-09-20,1992-09-25,1992-09-25
1,3,0,59,2389,3004,3485,0,0,0,0,0,0,5073.0,0,0.0,FLOODS,1992-09-26,1992-10-01,1992-10-01
0,0,6,0,839,3365,2550,0,1300,0,0,0,0,0.0,0,0.0,FLOODS,1992-10-03,1992-10-08,1992-10-08
3,0,0,0,332,0,1100,0,0,0,0,0,0,0.0,0,0.0,FLOODS,1992-10-10,1992-10-15,1992-10-15
0,4,2,0,144,330,600,0,0,0,0,0,0,0.0,0,0.0,FLOODS,1992-10-21,1992-10-26,1992-10-26
0,0,0,60,0,0,0,0,0,0,0,0,0,0.0,0,0.0,FLOODS,1992-11-02,1992-11-07,1992-11-07
0,0,0,0,80,0,0,0,0,0,0,0,0,0.0,0,0.0,FLOODS,1992-11-10,1992-11-15,1992-11-15
0,0,0,0,120,0,600,0,0,0,0,0,0,0.0,0,0.0,FLOODS,1992-11-24,1992-11-29,1992-11-29
1,0,0,0,600,3200,8295,0,0,0,17000000,0,0,0.0,0,0.0,FLOODS,1993-01-19,1993-01-24,1993-01-24
0,0,0,0,0,44,0,0,0,0,0,0,0,0.0,0,0.0,FLOODS,1993-01-26,1993-01-31,1993-01-31
4,0,0,0,0,0,0,0,0,0,0,0,0,0.0,0,0.0,FLOODS,1993-02-22,1993-02-27,1993-02-27
17,0,0,0,18,0,5000,0,6000,0,0,0,0,0.0,0,0.0,FLOODS,1993-03-02,1993-03-07,1993-03-07
0,0,0,0,0,0,0,0,0,0,0,1,0,0.0,0,0.0,FLOODS,1993-05-04,1993-05-09,1993-05-09
0,0,0,0,0,0,0,0,0,0,0,0,0,0.0,0,0.0,FLOODS,1993-05-11,1993-05-16,1993-05-16
0,1,0,1,0,0,0,0,0,0,0,0,0,0.0,0,0.0,FLOODS,1993-05-24,1993-05-29,1993-05-29
4,0,0,405,3980,24086,7000,260,500,0,0,0,0,16820.0,0,0.0,FLOODS,1993-06-16,1993-06-21,1993-06-21
3,0,0,123,3537,14018,200,0,90,0,5000000,0,0,101815.0,0,0.0,FLOODS,1993-06-22,1993-06-27,1993-06-27
12,29,0,33,2410,7360,239700,0,3196,0,750000,0,0,390.0,0,0.0,FLOODS,1993-06-28,1993-07-03,1993-07-03
0,0,0,25,3509,13120,60488,0,1180,0,114300000,0,0,17500.0,0,0.0,FLOODS,1993-07-04,1993-07-09,1993-07-09
0,1,0,0,2500,13840,300050,0,0,0,3000000,0,0,800.0,0,0.0,FLOODS,1993-07-10,1993-07-15,1993-07-15
0,0,0,0,0,200,0,0,0,0,0,0,0,0.0,0,0.0,FLOODS,1993-07-17,1993-07-22,1993-07-22
0,0,0,0,437,1800,0,0,0,0,0,0,0,21000.0,0,0.0,FLOODS,1993-07-31,1993-08-05,1993-08-05
0,0,0,0,400,1600,20000,0,0,0,0,0,0,24000.0,0,0.0,FLOODS,1993-08-18,1993-08-23,1993-08-23
0,0,0,0,700,2800,4000,0,2000,0,130000000,0,0,200.0,0,0.0,FLOODS,1993-08-24,1993-08-29,1993-08-29
1,0,0,200,5473,20532,35000,0,2000,0,0,0,0,0.0,0,0.0,FLOODS,1993-09-07,1993-09-12,1993-09-12
4,0,0,60,350,60000,20000,0,0,0,0,0,0,0.0,0,0.0,FLOODS,1993-09-14,1993-09-19,1993-09-19
23,8,0,5770,8689,46417,51000,0,20500,0,52000000,270,0,244245.0,0,550000.0,FLOODS,1993-09-22,1993-09-27,1993-09-27
3,388,4,3000,955,43030,9000,0,410,0,0,0,0,3347.0,0,0.0,FLOODS,1993-09-29,1993-10-04,1993-10-04
3,4,4,115,1150,9616,0,0,400,0,0,0,0,24250.0,0,0.0,FLOODS,1993-10-05,1993-10-10,1993-10-10
0,0,1,0,1500,0,0,0,6060,0,0,1,0,0.0,0,0.0,FLOODS,1993-10-16,1993-10-21,1993-10-21
0,0,0,0,300,1200,14000,0,0,0,0,0,0,500.0,0,0.0,FLOODS,1993-10-27,1993-11-01,1993-11-01
3,0,0,12,1000,5000,2000,0,0,0,600000,0,0,0.0,0,0.0,FLOODS,1993-11-06,1993-11-11,1993-11-11
0,0,0,0,0,600,0,0,0,0,0,0,0,0.0,0,0.0,FLOODS,1994-05-30,1994-06-04,1994-06-04
0,2,0,0,47,120,0,0,35,0,0,0,0,680.0,0,0.0,FLOODS,1994-06-06,1994-06-11,1994-06-11
0,0,0,0,0,0,0,0,0,0,0,0,0,0.0,0,0.0,FLOODS,1994-06-15,1994-06-20,1994-06-20
4,9,0,0,101,800,0,0,0,0,0,0,0,3900.0,0,0.0,FLOODS,1994-06-22,1994-06-27,1994-06-27
0,0,0,2,0,0,0,0,0,0,0,0,0,0.0,0,0.0,FLOODS,1994-06-29,1994-07-04,1994-07-04
0,0,0,30,100,520,0,0,0,0,0,0,0,0.0,0,0.0,FLOODS,1994-07-07,1994-07-12,1994-07-12
0,9,0,0,404,0,0,0,0,0,0,0,0,0.0,0,0.0,FLOODS,1994-07-13,1994-07-18,1994-07-18
0,0,0,0,20,0,0,0,0,0,0,0,0,0.0,0,0.0,FLOODS,1994-08-08,1994-08-13,1994-08-13
3,0,6,0,0,920,0,0,0,0,0,0,0,0.0,0,0.0,FLOODS,1994-08-21,1994-08-26,1994-08-26
5,0,0,250,0,2500,5000,0,0,0,0,0,0,0.0,0,0.0,FLOODS,1994-09-01,1994-09-06,1994-09-06
0,0,1,18,0,65,0,0,0,0,0,0,0,0.0,0,0.0,FLOODS,1994-09-10,1994-09-15,1994-09-15
6,0,0,0,200,2000,0,0,13800,0,500000000,0,0,0.0,0,0.0,FLOODS,1994-09-16,1994-09-21,1994-09-21
0,0,0,0,0,0,0,0,0,0,0,0,0,0.0,0,0.0,FLOODS,1994-09-28,1994-10-03,1994-10-03
0,0,0,0,0,1000,0,0,0,0,0,0,0,1500.0,0,0.0,FLOODS,1994-10-05,1994-10-10,1994-10-10
0,0,0,2,310,1000,0,0,350,0,0,0,0,0.0,0,0.0,FLOODS,1994-10-11,1994-10-16,1994-10-16
0,0,0,0,310,720,0,0,0,0,0,0,0,200.0,0,0.0,FLOODS,1994-10-19,1994-10-24,1994-10-24
0,0,0,0,200,800,0,0,0,0,0,0,0,0.0,0,0.0,FLOODS,1994-10-25,1994-10-30,1994-10-30
3,12,0,0,203,0,0,0,35,0,100000,0,1,1500.0,0,0.0,FLOODS,1994-11-10,1994-11-15,1994-11-15
1,0,0,0,0,624,0,0,0,0,0,0,0,5000.0,0,0.0,FLOODS,1994-12-11,1994-12-16,1994-12-16
0,0,0,0,0,0,0,0,0,0,0,0,0,0.0,0,0.0,FLOODS,1995-01-26,1995-01-31,1995-01-31
0,0,0,0,250,0,1250,0,0,0,0,0,0,0.0,0,0.0,FLOODS,1995-02-01,1995-02-06,1995-02-06
0,0,0,0,87,0,0,0,0,0,0,0,0,0.0,0,0.0,FLOODS,1995-06-14,1995-06-19,1995-06-19
1,0,0,100,135,0,500,0,0,0,0,0,0,152600.0,0,0.0,FLOODS,1995-07-02,1995-07-07,1995-07-07
6,0,0,0,70,0,850,0,0,0,0,0,0,0.0,0,0.0,FLOODS,1995-07-12,1995-07-17,1995-07-17
0,0,0,0,0,500,0,0,0,0,0,0,0,0.0,0,0.0,FLOODS,1995-07-18,1995-07-23,1995-07-23
0,0,0,0,200,0,800,0,0,0,0,0,0,0.0,0,0.0,FLOODS,1995-07-25,1995-07-30,1995-07-30
0,0,0,2,0,0,50,0,150,0,0,0,0,0.0,0,0.0,FLOODS,1995-08-01,1995-08-06,1995-08-06
4,0,2,2,0,2200,0,0,2000,0,0,0,0,500.0,0,0.0,FLOODS,1995-08-08,1995-08-13,1995-08-13
0,0,0,0,0,0,1600,0,20,0,0,0,0,600.0,100,0.0,FLOODS,1995-08-24,1995-08-29,1995-08-29
0,0,0,0,60,0,0,0,0,0,0,0,0,0.0,0,0.0,FLOODS,1995-09-01,1995-09-06,1995-09-06
0,0,0,0,500,25000,0,0,1200,0,0,0,0,0.0,0,0.0,FLOODS,1995-09-08,1995-09-13,1995-09-13
0,0,0,0,400,0,0,0,0,0,0,0,0,0.0,0,0.0,FLOODS,1995-09-15,1995-09-20,1995-09-20
12,0,0,0,30216,10200,0,0,0,0,0,0,0,14370.0,0,0.0,FLOODS,1995-09-30,1995-10-05,1995-10-05
0,0,0,0,331,5000,13860,0,0,0,0,0,0,0.0,0,0.0,FLOODS,1995-10-15,1995-10-20,1995-10-20
0,0,0,0,0,0,0,0,0,0,0,0,0,300.0,0,0.0,FLOODS,1995-11-03,1995-11-08,1995-11-08
0,0,0,0,0,0,0,0,0,0,0,0,0,0.0,0,0.0,FLOODS,1996-05-19,1996-05-24,1996-05-24
0,4,0,0,150,1000,600,0,0,0,0,0,0,0.0,0,0.0,FLOODS,1996-06-16,1996-06-21,1996-06-21
28,45,6,10,286,672,1800,0,0,0,0,0,0,1000.0,0,0.0,FLOODS,1996-06-23,1996-06-28,1996-06-28
1,0,17,1,0,0,5000,0,0,0,0,0,0,0.0,0,0.0,FLOODS,1996-07-04,1996-07-09,1996-07-09
1,0,0,70,0,0,0,0,0,0,0,0,0,3000.0,0,0.0,FLOODS,1996-07-10,1996-07-15,1996-07-15
0,0,0,0,0,0,300,0,0,0,0,0,0,0.0,0,0.0,FLOODS,1996-07-28,1996-08-02,1996-08-02
0,0,0,0,0,0,0,0,0,0,0,0,0,0.0,0,0.0,FLOODS,1996-08-12,1996-08-17,1996-08-17
2,0,0,317,25,450,0,0,0,0,0,2,0,0.0,0,0.0,FLOODS,1996-08-25,1996-08-30,1996-08-30
5,1,0,0,0,550,0,0,0,0,0,0,0,0.0,0,0.0,FLOODS,1996-09-01,1996-09-06,1996-09-06
0,0,0,0,0,2000,0,0,0,0,0,0,0,0.0,0,0.0,FLOODS,1996-09-07,1996-09-12,1996-09-12
6,0,2,0,783,5000,303500,0,50,0,30000000,0,0,0.0,0,0.0,FLOODS,1996-09-13,1996-09-18,1996-09-18
0,0,0,0,0,0,0,0,0,0,0,0,0,0.0,0,0.0,FLOODS,1996-09-24,1996-09-29,1996-09-29
0,0,0,0,0,0,1500,0,0,0,0,0,0,0.0,0,0.0,FLOODS,1996-10-01,1996-10-06,1996-10-06
1,0,0,0,1500,4500,0,0,0,0,0,0,0,0.0,0,0.0,FLOODS,1996-10-08,1996-10-13,1996-10-13
9,0,0,0,150,0,0,0,0,0,0,0,0,1200.0,0,0.0,FLOODS,1997-06-18,1997-06-23,1997-06-23
0,0,0,0,0,0,0,0,1500,0,0,0,0,0.0,0,0.0,FLOODS,1997-06-26,1997-07-01,1997-07-01
2,0,5,87,845,600,100,0,0,0,0,0,0,1000.0,0,0.0,FLOODS,1997-07-15,1997-07-20,1997-07-20
0,0,0,0,0,0,0,0,1000,0,0,0,0,0.0,0,0.0,FLOODS,1997-08-17,1997-08-22,1997-08-22
0,0,0,0,0,0,0,0,0,0,0,0,0,0.0,0,0.0,FLOODS,1997-08-31,1997-09-05,1997-09-05
2,0,0,0,100,0,0,0,0,0,0,0,0,0.0,0,0.0,FLOODS,1997-09-13,1997-09-18,1997-09-18
0,0,0,0,60,300,0,0,0,0,0,0,0,0.0,0,0.0,FLOODS,1997-09-21,1997-09-26,1997-09-26
4,0,8,0,0,0,0,0,0,0,0,0,0,0.0,0,0.0,FLOODS,1997-09-27,1997-10-02,1997-10-02
94,0,22,60,0,151000,3000,0,0,0,0,0,0,0.0,0,0.0,FLOODS,1997-10-08,1997-10-13,1997-10-13
0,0,0,0,0,0,200,0,0,0,0,0,0,0.0,0,0.0,FLOODS,1997-10-31,1997-11-05,1997-11-05
0,0,0,0,71,0,284,0,1000,0,0,0,0,0.0,0,0.0,FLOODS,1997-11-11,1997-11-16,1997-11-16
0,0,0,0,10,0,500,0,0,0,0,0,0,0.0,0,0.0,FLOODS,1998-01-19,1998-01-24,1998-01-24
0,0,0,0,0,0,0,0,0,0,0,0,0,0.0,0,0.0,FLOODS,1998-02-04,1998-02-09,1998-02-09
14,0,0,0,0,900,0,0,2400,0,0,0,0,0.0,0,0.0,FLOODS,1998-02-11,1998-02-16,1998-02-16
0,0,0,0,0,0,0,0,0,0,0,0,0,0.0,0,0.0,FLOODS,1998-02-17,1998-02-22,1998-02-22
0,0,0,100,0,0,400,0,0,0,0,0,0,0.0,0,0.0,FLOODS,1998-06-09,1998-06-14,1998-06-14
4,3,0,0,45,480,0,0,0,0,0,0,0,0.0,0,0.0,FLOODS,1998-06-19,1998-06-24,1998-06-24
1,0,1,0,0,0,300,0,0,0,0,0,0,0.0,0,0.0,FLOODS,1998-06-29,1998-07-04,1998-07-04
2,12,0,0,1000,600,8600,0,0,0,0,0,0,0.0,0,0.0,FLOODS,1998-07-09,1998-07-14,1998-07-14
4,0,0,2,0,0,0,0,120,0,0,0,0,0.0,0,0.0,FLOODS,1998-07-28,1998-08-02,1998-08-02
3,0,0,13,0,120,60,0,416,0,0,0,0,0.0,0,0.0,FLOODS,1998-08-06,1998-08-11,1998-08-11
0,0,0,0,0,0,0,0,48,0,0,0,0,0.0,0,0.0,FLOODS,1998-08-13,1998-08-18,1998-08-18
7,2,4,18,61,0,10300,0,1000,0,0,1,0,0.0,0,0.0,FLOODS,1998-08-24,1998-08-29,1998-08-29
19,40,0,0,33,9900,132,0,17360,0,0,0,0,0.0,0,0.0,FLOODS,1998-08-30,1998-09-04,1998-09-04
16,0,0,254,772,16800,0,7100,300,0,0,0,0,125.0,0,0.0,FLOODS,1998-09-05,1998-09-10,1998-09-10
16,0,5,0,455,1650,2168,500,252,0,0,0,0,10.0,0,0.0,FLOODS,1998-09-11,1998-09-16,1998-09-16
13,0,9,0,870,2030,2100,0,3020,0,25000000,0,0,14000.0,0,0.0,FLOODS,1998-09-17,1998-09-22,1998-09-22
0,2,5,0,958,2587,3900,0,1828,0,0,0,0,200.0,0,0.0,FLOODS,1998-09-24,1998-09-29,1998-09-29
209,15,24,2030,8100,5100,7082,320,2320,0,35000000,1,0,870.0,0,0.0,FLOODS,1998-09-30,1998-10-05,1998-10-05
1,0,0,0,190,10000,17000,0,2700,0,0,0,0,3000.0,0,0.0,FLOODS,1998-10-06,1998-10-11,1998-10-11
11,0,0,0,865,10695,900,0,80000,0,0,0,0,0.0,0,0.0,FLOODS,1998-10-13,1998-10-18,1998-10-18
3,0,0,0,500,1600,500,0,1250,0,0,0,0,900.0,0,0.0,FLOODS,1998-10-20,1998-10-25,1998-10-25
4,0,1,0,1100,109700,0,0,6068,0,0,0,0,800.0,0,0.0,FLOODS,1998-10-27,1998-11-01,1998-11-01
5,0,0,0,0,0,700,0,2825,0,0,0,0,0.0,0,0.0,FLOODS,1998-11-02,1998-11-07,1998-11-07
0,0,0,0,52,0,0,0,0,0,0,0,0,0.0,0,0.0,FLOODS,1999-04-30,1999-05-05,1999-05-05
0,0,0,0,30,0,0,0,160,0,0,0,0,0.0,0,80.0,FLOODS,1999-05-22,1999-05-27,1999-05-27
0,0,0,0,400,0,16600,0,0,0,0,0,0,0.0,0,0.0,FLOODS,1999-06-12,1999-06-17,1999-06-17
0,0,0,7,568,1800,3500,32,178,0,0,0,0,0.0,0,0.0,FLOODS,1999-06-18,1999-06-23,1999-06-23
13,0,3,603,2729,13000,2200,0,6156,0,7000000,0,0,920.0,0,0.0,FLOODS,1999-06-24,1999-06-29,1999-06-29
10,0,3,0,174,70550,0,0,808,0,0,1,0,400.0,0,0.0,FLOODS,1999-06-30,1999-07-05,1999-07-05
8,10,0,0,5045,72573,62000,0,1194,0,0,0,0,1026.0,0,0.0,FLOODS,1999-07-06,1999-07-11,1999-07-11
19,0,0,429,1408,22500,16000,0,4500,0,0,0,0,8273.0,260,0.0,FLOODS,1999-07-14,1999-07-19,1999-07-19
0,25,0,730,745,1398,14000,0,0,0,3000000,13,0,7630.0,0,0.0,FLOODS,1999-07-20,1999-07-25,1999-07-25
2,0,0,5,60,0,0,0,0,0,1000000,0,0,40000.0,0,0.0,FLOODS,1999-07-29,1999-08-03,1999-08-03
0,0,0,0,0,0,0,0,3225,0,0,0,0,1000.0,0,0.0,FLOODS,1999-08-14,1999-08-19,1999-08-19
115,1,0,0,853,7400,70400,0,4602,0,0,0,0,0.0,0,0.0,FLOODS,1999-08-24,1999-08-29,1999-08-29
1,0,0,29,564,5030,8000,200,84,0,0,0,0,0.0,0,0.0,FLOODS,1999-09-01,1999-09-06,1999-09-06
0,231,11,84,6257,5831,25600,400,2248,0,0,0,0,7000.0,0,0.0,FLOODS,1999-09-07,1999-09-12,1999-09-12
9,0,0,7202,2170,13100,30000,0,1495,0,70000000,0,1,7200.0,0,0.0,FLOODS,1999-09-13,1999-09-18,1999-09-18
1,0,0,0,345,1100,4018,0,2203,0,0,0,0,0.0,0,0.0,FLOODS,1999-09-19,1999-09-24,1999-09-24
7,0,2,3003,11592,42200,80184,0,1025,0,0,1,0,112200.0,100,430000.0,FLOODS,1999-09-29,1999-10-04,1999-10-04
220,2006,1716,601,29025,244222,158690,38041,17779,0,0,3267,0,268954.0,25500,1000000.0,FLOODS,1999-10-05,1999-10-10,1999-10-10
113,0,42,0,350,208530,0,18447,20428,0,0,2854,0,36640.0,11000,0.0,FLOODS,1999-10-12,1999-10-17,1999-10-17
5,1,0,25,2555,7600,90000,0,18,0,0,6,0,6300.0,0,0.0,FLOODS,1999-10-19,1999-10-24,1999-10-24
12,0,8,0,23,0,0,0,0,600000,0,1230,1,430000.0,0,0.0,FLOODS,1999-10-25,1999-10-30,1999-10-30
0,0,0,8,460,0,0,0,2920,0,0,1,0,0.0,0,0.0,FLOODS,1999-11-09,1999-11-14,1999-11-14
0,0,0,0,0,0,0,0,120,0,0,0,0,174000.0,0,287000.0,FLOODS,1999-12-26,1999-12-31,1999-12-31
0,0,0,0,0,2000,0,0,0,0,0,0,0,0.0,0,0.0,FLOODS,2000-01-07,2000-01-12,2000-01-12
0,0,0,0,40,0,160,0,0,0,0,0,0,0.0,0,0.0,FLOODS,2000-01-28,2000-02-02,2000-02-02
0,0,0,4,40,60,0,0,0,0,0,0,0,0.0,0,0.0,FLOODS,2000-02-22,2000-02-27,2000-02-27
0,0,0,0,0,0,225000,0,0,0,0,0,0,0.0,0,0.0,FLOODS,2000-04-04,2000-04-09,2000-04-09
1,2,0,0,744,0,0,0,0,0,0,0,0,0.0,0,0.0,FLOODS,2000-04-25,2000-04-30,2000-04-30
0,1,0,12,45,0,240,0,0,0,0,0,0,30.0,0,0.0,FLOODS,2000-05-08,2000-05-13,2000-05-13
4,0,0,0,800,0,0,0,0,0,0,0,0,0.0,0,0.0,FLOODS,2000-05-16,2000-05-21,2000-05-21
1,0,10,0,1030,6200,0,0,260,0,0,0,0,50.0,0,0.0,FLOODS,2000-06-01,2000-06-06,2000-06-06
2,0,0,0,620,100,2600,0,0,0,0,0,0,0.0,0,0.0,FLOODS,2000-06-07,2000-06-12,2000-06-12
1,3,0,0,3620,7500,3280,0,10000,0,0,0,0,0.0,0,0.0,FLOODS,2000-06-14,2000-06-19,2000-06-19
0,1,0,0,1565,0,5092,0,100,0,0,0,0,0.0,0,0.0,FLOODS,2000-06-20,2000-06-25,2000-06-25
17,0,2,1,0,0,0,0,0,0,0,0,0,0.0,0,0.0,FLOODS,2000-06-30,2000-07-05,2000-07-05
1,0,0,50,0,0,0,0,0,0,0,0,0,0.0,0,0.0,FLOODS,2000-07-24,2000-07-29,2000-07-29
0,0,0,0,0,0,16000,0,0,0,0,0,0,0.0,0,0.0,FLOODS,2000-08-01,2000-08-06,2000-08-06
4,1,0,20,170,100000,0,0,97320,0,0,0,0,100.0,0,0.0,FLOODS,2000-08-11,2000-08-16,2000-08-16
1,1,0,0,300,280,0,0,0,0,0,0,0,0.0,0,0.0,FLOODS,2000-08-25,2000-08-30,2000-08-30
7,0,0,0,6015,2600,8050,370,1416,0,0,0,0,0.0,0,0.0,FLOODS,2000-09-01,2000-09-06,2000-09-06
0,0,0,0,50,200,0,0,0,0,0,0,0,39732.0,0,0.0,FLOODS,2000-09-13,2000-09-18,2000-09-18
6,0,0,0,460,10080,14836,0,1546,0,0,0,0,0.0,0,0.0,FLOODS,2000-09-19,2000-09-24,2000-09-24
7,1,1,280,1224,55250,320,0,1000,0,0,0,1,0.0,0,0.0,FLOODS,2000-09-26,2000-10-01,2000-10-01
5,0,0,0,334,0,20000,0,48000,0,0,0,0,0.0,0,0.0,FLOODS,2000-10-02,2000-10-07,2000-10-07
0,0,0,0,0,1000,0,0,0,0,0,0,0,0.0,0,0.0,FLOODS,2000-10-09,2000-10-14,2000-10-14
0,0,0,0,3170,860,300,0,815,0,0,0,0,0.0,0,0.0,FLOODS,2000-10-16,2000-10-21,2000-10-21
0,1,0,0,0,0,0,0,0,0,0,0,0,0.0,0,0.0,FLOODS,2000-11-28,2000-12-03,2000-12-03
1,0,0,20,180,0,0,0,12,0,25000000,0,0,0.0,0,0.0,FLOODS,2001-04-19,2001-04-24,2001-04-24
0,0,0,4,200,0,0,0,0,0,0,0,0,200.0,0,0.0,FLOODS,2001-04-25,2001-04-30,2001-04-30
0,0,0,5,0,15,0,0,0,0,0,0,0,0.0,200,0.0,FLOODS,2001-05-08,2001-05-13,2001-05-13
1,1,0,0,300,0,500,0,0,0,0,0,0,0.0,0,0.0,FLOODS,2001-05-30,2001-06-04,2001-06-04
18,0,0,40,907,500,4000,0,400,0,0,0,0,250.0,0,0.0,FLOODS,2001-06-09,2001-06-14,2001-06-14
0,0,0,0,20,0,0,0,0,0,0,0,0,0.0,0,0.0,FLOODS,2001-06-18,2001-06-23,2001-06-23
0,0,0,0,230,0,950,0,0,0,0,0,0,0.0,0,0.0,FLOODS,2001-07-02,2001-07-07,2001-07-07
1,0,0,0,0,0,0,0,2000,0,0,0,0,0.0,0,0.0,FLOODS,2001-07-08,2001-07-13,2001-07-13
0,0,0,0,150,600,40000,0,0,0,0,0,0,0.0,0,0.0,FLOODS,2001-07-21,2001-07-26,2001-07-26
0,0,0,0,0,3000,0,0,1200,0,0,0,0,0.0,0,0.0,FLOODS,2001-08-01,2001-08-06,2001-08-06
0,0,0,0,10,0,0,0,0,0,0,0,0,0.0,0,0.0,FLOODS,2001-08-07,2001-08-12,2001-08-12
2,0,0,0,8480,80000,40000,0,2820,0,300000000,0,0,800.0,0,0.0,FLOODS,2001-08-21,2001-08-26,2001-08-26
6,1,2,0,1570,8663,22508,0,100,0,0,0,0,0.0,0,0.0,FLOODS,2001-08-27,2001-09-01,2001-09-01
5,31,0,0,0,0,0,0,0,0,0,0,0,0.0,0,0.0,FLOODS,2001-09-03,2001-09-08,2001-09-08
0,0,0,0,150,7000,600,0,0,0,0,0,0,120.0,0,0.0,FLOODS,2001-09-10,2001-09-15,2001-09-15
0,0,0,0,0,0,5000,0,320,0,130000000,0,0,0.0,0,0.0,FLOODS,2001-09-18,2001-09-23,2001-09-23
1,0,0,0,530,0,2000,0,0,0,0,0,1,0.0,0,0.0,FLOODS,2001-09-25,2001-09-30,2001-09-30
1,3,0,2,0,0,0,0,0,0,0,0,0,0.0,0,0.0,FLOODS,2001-10-04,2001-10-09,2001-10-09
0,0,0,0,300,1200,12000,0,0,0,0,0,0,0.0,0,0.0,FLOODS,2001-10-13,2001-10-18,2001-10-18
0,0,0,0,0,0,4000,0,0,0,0,0,0,0.0,0,0.0,FLOODS,2001-10-21,2001-10-26,2001-10-26
0,0,0,0,0,0,0,0,0,0,0,0,0,25000.0,0,0.0,FLOODS,2001-10-29,2001-11-03,2001-11-03
0,0,0,0,150,0,2920,0,0,0,0,0,0,0.0,0,0.0,FLOODS,2002-02-11,2002-02-16,2002-02-16
0,0,0,0,600,0,2400,0,0,0,0,0,0,0.0,0,0.0,FLOODS,2002-04-05,2002-04-10,2002-04-10
0,0,0,0,10,0,40,0,0,0,0,0,0,0.0,0,0.0,FLOODS,2002-05-15,2002-05-20,2002-05-20
0,0,0,0,208,0,800,0,0,0,0,0,0,0.0,0,0.0,FLOODS,2002-06-09,2002-06-14,2002-06-14
0,0,0,0,100,0,400,0,0,0,0,0,0,0.0,0,0.0,FLOODS,2002-06-18,2002-06-23,2002-06-23
0,0,0,0,2500,0,10000,0,0,0,0,0,0,0.0,0,0.0,FLOODS,2002-06-27,2002-07-02,2002-07-02
0,0,0,0,280,0,0,0,0,0,25000000,0,0,0.0,0,0.0,FLOODS,2002-07-03,2002-07-08,2002-07-08
0,90,0,4,1400,1500,1600,0,0,0,0,0,0,0.0,60,0.0,FLOODS,2002-07-09,2002-07-14,2002-07-14
2,0,3,0,2463,0,8000,0,2608,0,0,0,0,700.0,0,0.0,FLOODS,2002-07-15,2002-07-20,2002-07-20
0,0,0,0,0,0,0,0,0,0,0,0,0,0.0,0,0.0,FLOODS,2002-07-21,2002-07-26,2002-07-26
1,0,0,0,0,0,0,0,60,0,0,0,0,0.0,0,0.0,FLOODS,2002-08-08,2002-08-13,2002-08-13
18,0,21,400,1970,21500,0,0,5908,0,169500000,1,0,19400.0,500,0.0,FLOODS,2002-08-14,2002-08-19,2002-08-19
0,0,0,0,740,0,1000,0,0,0,0,0,0,0.0,0,0.0,FLOODS,2002-08-20,2002-08-25,2002-08-25
0,0,0,1,4300,20000,1200,0,0,0,0,0,0,8000.0,0,0.0,FLOODS,2002-08-26,2002-08-31,2002-08-31
0,0,0,0,25,0,5400,0,110,0,40000,2,1,19830.0,0,0.0,FLOODS,2002-09-05,2002-09-10,2002-09-10
3,0,3,1,1327,200,27310,0,360,0,10300000,20,0,0.0,0,0.0,FLOODS,2002-09-12,2002-09-17,2002-09-17
5,0,2,7,2509,8936,6000,0,1205,0,12000000,0,0,6000.0,0,0.0,FLOODS,2002-09-18,2002-09-23,2002-09-23
3,0,0,0,3851,11700,3600,0,2180,0,0,0,0,5000.0,0,0.0,FLOODS,2002-09-24,2002-09-29,2002-09-29
0,0,0,25,1800,8000,0,0,400,0,0,0,0,0.0,0,0.0,FLOODS,2002-10-09,2002-10-14,2002-10-14
1,0,0,0,0,0,0,0,0,0,0,0,0,26239.0,0,0.0,FLOODS,2002-10-26,2002-10-31,2002-10-31
0,0,0,0,800,0,1600,0,300,0,0,0,0,0.0,0,0.0,FLOODS,2002-11-01,2002-11-06,2002-11-06
0,0,0,0,0,0,0,0,0,0,0,0,0,0.0,0,0.0,FLOODS,2002-11-08,2002-11-13,2002-11-13
8,0,0,0,0,0,0,0,0,0,0,0,1,0.0,0,0.0,FLOODS,2002-11-15,2002-11-20,2002-11-20
0,0,0,0,9,0,0,0,18,0,0,0,0,0.0,0,0.0,FLOODS,2003-04-10,2003-04-15,2003-04-15
0,0,0,0,165,660,0,0,0,0,0,0,0,0.0,0,0.0,FLOODS,2003-04-18,2003-04-23,2003-04-23
0,2,0,0,0,0,13000,0,0,0,0,0,0,0.0,0,0.0,FLOODS,2003-05-12,2003-05-17,2003-05-17
6,0,0,0,21,400,0,0,0,0,0,0,0,0.0,0,0.0,FLOODS,2003-05-31,2003-06-05,2003-06-05
0,7,0,70,238,1200,450,0,0,0,0,0,0,0.0,0,0.0,FLOODS,2003-06-06,2003-06-11,2003-06-11
0,0,0,0,0,0,0,0,0,0,0,0,0,0.0,0,0.0,FLOODS,2003-06-13,2003-06-18,2003-06-18
1,0,0,45,340,2166,1000,300,6000,0,1000,0,0,20.0,0,0.0,FLOODS,2003-07-02,2003-07-07,2003-07-07
1,0,0,0,818,200,0,100,50,0,0,0,0,610.0,0,0.0,FLOODS,2003-07-09,2003-07-14,2003-07-14
1,0,0,0,0,0,0,0,0,0,0,0,0,0.0,0,0.0,FLOODS,2003-07-18,2003-07-23,2003-07-23
0,0,0,0,230,0,0,0,800,0,0,0,0,700.0,0,0.0,FLOODS,2003-08-02,2003-08-07,2003-08-07
7,5,0,0,300,0,19250,0,0,0,0,0,0,0.0,0,0.0,FLOODS,2003-08-18,2003-08-23,2003-08-23
2,1,0,0,0,0,1200,0,1100,0,0,0,0,0.0,0,0.0,FLOODS,2003-08-24,2003-08-29,2003-08-29
1,0,0,2,1058,500,6000,0,0,0,7000000,0,0,0.0,0,0.0,FLOODS,2003-08-30,2003-09-04,2003-09-04
1,0,0,0,27248,4000,92000,1779,21327,0,0,60,0,300.0,0,0.0,FLOODS,2003-09-06,2003-09-11,2003-09-11
9,0,0,0,1440,4270,4600,300,4500,0,20000000,0,0,90600.0,0,0.0,FLOODS,2003-09-12,2003-09-17,2003-09-17
5,3,1,65,12149,2000,11040,0,2200,0,0,0,0,24000.0,0,0.0,FLOODS,2003-09-18,2003-09-23,2003-09-23
6,0,1,0,5525,1000,29025,0,3870,0,0,0,0,0.0,0,0.0,FLOODS,2003-09-24,2003-09-29,2003-09-29
6,0,2,0,3320,10295,48820,0,2266,0,0,0,0,213950.0,0,0.0,FLOODS,2003-09-30,2003-10-05,2003-10-05
10,70,0,130,340,20590,1040,380,1845,0,0,0,0,8500.0,100,0.0,FLOODS,2003-10-06,2003-10-11,2003-10-11
2,0,0,1,14104,66500,0,0,305,0,64300000000,0,0,4192.0,0,0.0,FLOODS,2003-10-14,2003-10-19,2003-10-19
0,0,0,0,114,0,500,0,0,0,0,0,0,0.0,0,0.0,FLOODS,2003-10-31,2003-11-05,2003-11-05
0,0,0,0,200,800,8800,0,0,0,0,0,0,0.0,0,0.0,FLOODS,2003-11-08,2003-11-13,2003-11-13
0,0,0,0,40000,0,160000,0,60,0,0,0,0,0.0,0,0.0,FLOODS,2003-12-04,2003-12-09,2003-12-09
0,1,0,0,64,0,0,0,0,0,0,0,0,0.0,0,0.0,FLOODS,2004-01-09,2004-01-14,2004-01-14
0,0,0,0,0,0,0,0,0,0,0,0,0,5000.0,0,0.0,FLOODS,2004-01-15,2004-01-20,2004-01-20
1,25,0,153,150,0,1020,0,1144,0,0,0,0,3700.0,0,0.0,FLOODS,2004-02-21,2004-02-26,2004-02-26
68,44,52,300,3000,4000,1614,0,2320,0,0,6,0,0.0,0,0.0,FLOODS,2004-04-04,2004-04-09,2004-04-09
0,0,0,0,650,858,132,16,1600,0,0,0,0,0.0,0,0.0,FLOODS,2004-04-25,2004-04-30,2004-04-30
1,0,0,0,250,600,0,0,0,0,0,0,0,800.0,50,0.0,FLOODS,2004-05-02,2004-05-07,2004-05-07
0,0,0,0,14,0,600,0,0,0,0,0,0,0.0,0,0.0,FLOODS,2004-05-08,2004-05-13,2004-05-13
0,0,0,2,260,0,0,0,0,0,0,0,0,0.0,0,0.0,FLOODS,2004-05-14,2004-05-19,2004-05-19
1,0,0,0,350,200,0,0,60,0,0,0,0,0.0,0,0.0,FLOODS,2004-05-31,2004-06-05,2004-06-05
16,0,0,0,5522,3200,21000,0,608,0,90000000,4,0,0.0,0,0.0,FLOODS,2004-06-06,2004-06-11,2004-06-11
0,0,0,3,141,20,0,0,0,0,0,0,0,1000.0,0,0.0,FLOODS,2004-06-13,2004-06-18,2004-06-18
1,0,0,0,131,480,60,0,64,0,0,0,0,0.0,0,0.0,FLOODS,2004-06-22,2004-06-27,2004-06-27
1,5,0,3,430,0,240,0,0,0,0,0,1,0.0,0,0.0,FLOODS,2004-06-28,2004-07-03,2004-07-03
0,0,0,0,1,0,0,0,0,0,0,0,0,0.0,0,0.0,FLOODS,2004-07-04,2004-07-09,2004-07-09
0,0,0,0,0,0,0,0,0,0,0,0,0,0.0,0,0.0,FLOODS,2004-07-10,2004-07-15,2004-07-15
2,2,0,0,892,0,2400,0,34,0,200000,0,1,0.0,0,0.0,FLOODS,2004-07-17,2004-07-22,2004-07-22
0,0,0,0,180,0,600,0,0,0,0,0,0,0.0,0,0.0,FLOODS,2004-07-23,2004-07-28,2004-07-28
0,0,0,0,260,0,400,0,0,0,0,0,0,0.0,0,0.0,FLOODS,2004-07-31,2004-08-05,2004-08-05
2,0,7,2,400,800,800,0,0,0,0,0,0,0.0,0,0.0,FLOODS,2004-08-13,2004-08-18,2004-08-18
0,0,0,2,484,0,2120,0,0,0,0,0,0,3364.0,0,0.0,FLOODS,2004-08-20,2004-08-25,2004-08-25
2,8,1,0,290,520,0,0,1100,0,46500000,0,0,2008.0,0,0.0,FLOODS,2004-08-29,2004-09-03,2004-09-03
3,23,0,600,2448,2600,7948,0,4250,0,0,0,0,6220.0,0,0.0,FLOODS,2004-09-04,2004-09-09,2004-09-09
0,0,0,0,0,0,0,0,320,0,0,0,0,0.0,0,0.0,FLOODS,2004-09-14,2004-09-19,2004-09-19
2,0,0,0,2500,0,17260,0,5800,0,0,0,0,13939.0,0,0.0,FLOODS,2004-09-20,2004-09-25,2004-09-25
1,1,0,1,6185,22500,0,0,852,0,0,0,0,5500.0,0,0.0,FLOODS,2004-09-27,2004-10-02,2004-10-02
3,0,0,0,3155,168,6000,0,70,0,0,0,0,31000.0,0,0.0,FLOODS,2004-10-04,2004-10-09,2004-10-09
0,0,0,0,0,800,0,0,0,0,0,2,0,0.0,0,0.0,FLOODS,2004-10-10,2004-10-15,2004-10-15
1,0,0,3,15,12,152,0,100,0,0,0,0,400.0,0,0.0,FLOODS,2004-10-18,2004-10-23,2004-10-23
3,0,0,0,380,1200,0,0,0,0,0,0,0,0.0,0,0.0,FLOODS,2004-10-27,2004-11-01,2004-11-01
0,0,0,0,0,0,0,0,400,0,0,0,0,0.0,0,0.0,FLOODS,2004-11-04,2004-11-09,2004-11-09
4,0,0,0,0,0,0,0,0,0,0,0,0,0.0,0,0.0,FLOODS,2004-11-14,2004-11-19,2004-11-19
0,0,0,0,0,0,0,0,0,0,0,0,0,0.0,0,0.0,FLOODS,2005-01-05,2005-01-10,2005-01-10
0,0,0,0,500,0,2000,0,0,0,0,0,0,0.0,0,0.0,FLOODS,2005-01-11,2005-01-16,2005-01-16
0,0,0,0,0,0,0,0,0,0,0,0,0,0.0,0,0.0,FLOODS,2005-02-07,2005-02-12,2005-02-12
0,0,0,0,0,0,0,0,0,0,0,0,0,0.0,0,0.0,FLOODS,2005-04-27,2005-05-02,2005-05-02
10,0,0,0,0,0,0,0,0,0,0,0,0,0.0,0,0.0,FLOODS,2005-05-18,2005-05-23,2005-05-23
0,0,0,0,0,0,0,0,0,0,0,0,0,0.0,0,0.0,FLOODS,2005-05-30,2005-06-04,2005-06-04
1,0,0,0,0,0,0,0,0,0,0,0,0,0.0,0,0.0,FLOODS,2005-06-15,2005-06-20,2005-06-20
0,0,0,0,817,50,2938,0,0,0,0,0,0,0.0,0,0.0,FLOODS,2005-06-22,2005-06-27,2005-06-27
2,0,0,0,929,5700,2200,0,2200,0,0,0,0,1500.0,90,0.0,FLOODS,2005-06-29,2005-07-04,2005-07-04
1,0,0,10,200,0,400,0,0,0,0,0,0,0.0,0,0.0,FLOODS,2005-07-07,2005-07-12,2005-07-12
0,0,0,0,104,0,20000,0,0,0,0,0,0,0.0,0,0.0,FLOODS,2005-07-20,2005-07-25,2005-07-25
1,0,0,30,200,0,800,0,200,0,26000000,0,0,7000.0,300,700000.0,FLOODS,2005-07-26,2005-07-31,2005-07-31
1,2,0,7,229,0,0,0,0,0,0,0,1,0.0,0,0.0,FLOODS,2005-08-12,2005-08-17,2005-08-17
8,0,4,55,120,3700,0,0,100,0,0,0,0,0.0,0,0.0,FLOODS,2005-08-18,2005-08-23,2005-08-23
20,3,12,560,880,206700,661000,0,4600,0,470000000,0,0,135025.0,0,3800000.0,FLOODS,2005-08-24,2005-08-29,2005-08-29
1,0,1,6,1115,44,100,0,250,0,600000000,0,0,0.0,0,0.0,FLOODS,2005-08-30,2005-09-04,2005-09-04
1,0,0,3,570,0,153000,0,6000,0,0,9,0,80000.0,0,0.0,FLOODS,2005-09-05,2005-09-10,2005-09-10
0,0,0,0,0,0,0,0,0,0,0,0,0,0.0,0,0.0,FLOODS,2005-09-11,2005-09-16,2005-09-16
5,1,3,1,570,0,23160,0,1864,0,0,0,0,0.0,0,0.0,FLOODS,2005-09-25,2005-09-30,2005-09-30
51,12,22,76200,234179,1511000,59000,0,122780,0,5000000000,0,2,100000.0,0,3500000.0,FLOODS,2005-10-01,2005-10-06,2005-10-06
2,0,0,0,350,0,46000,0,270,0,0,0,0,5700.0,0,0.0,FLOODS,2005-10-07,2005-10-12,2005-10-12
0,0,3,0,700,10150,2000,0,4200,0,0,0,0,0.0,0,0.0,FLOODS,2005-10-13,2005-10-18,2005-10-18
0,0,0,50,0,200,0,0,0,0,0,0,0,0.0,0,0.0,FLOODS,2005-10-20,2005-10-25,2005-10-25
0,0,0,0,0,0,0,0,0,0,0,0,0,0.0,0,0.0,FLOODS,2005-10-28,2005-11-02,2005-11-02
0,0,0,0,0,0,19277,0,0,0,0,0,0,84136.0,0,0.0,FLOODS,2005-11-03,2005-11-08,2005-11-08
0,0,0,0,4000,0,0,0,0,0,0,0,0,0.0,0,0.0,FLOODS,2005-11-09,2005-11-14,2005-11-14
1,0,0,0,0,3000,0,0,0,0,240000000,0,0,0.0,0,0.0,FLOODS,2005-11-17,2005-11-22,2005-11-22
0,0,0,0,0,0,0,0,400,0,0,0,0,0.0,0,0.0,FLOODS,2005-11-25,2005-11-30,2005-11-30
0,0,0,7,1686,0,0,0,0,0,0,0,0,0.0,0,0.0,FLOODS,2005-12-20,2005-12-25,2005-12-25
0,0,0,0,0,0,0,0,330,0,0,1,1,0.0,0,0.0,FLOODS,2006-01-18,2006-01-23,2006-01-23
0,0,0,0,0,0,0,0,0,0,0,0,0,0.0,0,0.0,FLOODS,2006-04-17,2006-04-22,2006-04-22
0,0,0,0,0,0,0,0,400,0,0,0,0,0.0,0,0.0,FLOODS,2006-04-24,2006-04-29,2006-04-29
0,0,0,0,20,0,0,0,0,0,0,0,0,0.0,0,0.0,FLOODS,2006-05-05,2006-05-10,2006-05-10
3,0,0,0,26,0,0,0,0,0,0,0,0,0.0,0,0.0,FLOODS,2006-05-13,2006-05-18,2006-05-18
0,0,0,0,150,0,0,0,0,0,0,0,0,0.0,0,0.0,FLOODS,2006-05-26,2006-05-31,2006-05-31
0,0,0,0,140,0,0,0,72,0,0,0,0,0.0,0,0.0,FLOODS,2006-06-01,2006-06-06,2006-06-06
3,0,0,0,800,0,0,0,25,0,0,0,0,0.0,0,0.0,FLOODS,2006-06-07,2006-06-12,2006-06-12
0,0,0,0,30,0,0,0,80,0,0,0,0,0.0,0,0.0,FLOODS,2006-06-19,2006-06-24,2006-06-24
0,0,0,34,600,1000,2400,0,3200,0,0,0,0,0.0,0,0.0,FLOODS,2006-06-26,2006-07-01,2006-07-01
7,0,4,0,1350,500,56550,0,2400,0,0,3,0,340.0,0,0.0,FLOODS,2006-07-03,2006-07-08,2006-07-08
0,0,0,0,120,300,0,0,2000,0,0,0,0,0.0,0,0.0,FLOODS,2006-07-12,2006-07-17,2006-07-17
2,5,0,0,3617,3100,420,0,0,0,0,0,0,0.0,0,0.0,FLOODS,2006-07-21,2006-07-26,2006-07-26
12,0,0,12,410,0,1488,0,1600,0,23000000,0,0,0.0,0,0.0,FLOODS,2006-07-27,2006-08-01,2006-08-01
1,0,0,5,4762,2022,0,0,120,0,0,0,0,0.0,0,0.0,FLOODS,2006-08-03,2006-08-08,2006-08-08
0,0,0,0,80,800,0,0,0,0,0,0,0,0.0,0,0.0,FLOODS,2006-08-12,2006-08-17,2006-08-17
1,5,2,70,750,1100,0,0,0,0,0,0,0,0.0,0,0.0,FLOODS,2006-08-18,2006-08-23,2006-08-23
31,91,0,0,5485,0,720,0,17500,0,0,0,0,1300.0,0,0.0,FLOODS,2006-08-25,2006-08-30,2006-08-30
0,0,0,4,1960,3500,0,0,400,0,0,0,0,0.0,0,0.0,FLOODS,2006-09-02,2006-09-07,2006-09-07
6,0,3,15,3720,150,200,0,3020,0,0,0,0,0.0,0,0.0,FLOODS,2006-09-08,2006-09-13,2006-09-13
12,18,0,0,1850,162508,5000,0,14320,0,0,0,0,2400.0,0,0.0,FLOODS,2006-09-14,2006-09-19,2006-09-19
4,1,2,2,114,1500,0,0,100,0,0,10,0,0.0,0,0.0,FLOODS,2006-09-20,2006-09-25,2006-09-25
0,0,0,4,40,0,11200,52,0,0,0,0,0,1000.0,280,0.0,FLOODS,2006-09-26,2006-10-01,2006-10-01
1,0,0,0,2067,1400,1720,0,0,0,0,0,0,0.0,0,0.0,FLOODS,2006-10-03,2006-10-08,2006-10-08
3,0,8,0,1651,168,400,60,924,0,0,0,0,0.0,0,0.0,FLOODS,2006-10-11,2006-10-16,2006-10-16
1,0,2,30,1300,6300,0,0,530,0,0,0,0,320.0,0,0.0,FLOODS,2006-10-17,2006-10-22,2006-10-22
1,0,0,0,2967,70,7750,0,6000,0,0,0,1,1070.0,0,0.0,FLOODS,2006-10-24,2006-10-29,2006-10-29
0,0,0,0,0,0,0,0,0,0,0,0,0,0.0,0,0.0,FLOODS,2006-11-06,2006-11-11,2006-11-11
0,0,0,0,970,0,0,0,0,0,0,0,0,0.0,0,0.0,FLOODS,2006-11-14,2006-11-19,2006-11-19
0,0,0,0,5200,1040,20000,0,0,0,0,0,0,0.0,0,0.0,FLOODS,2007-01-11,2007-01-16,2007-01-16
0,0,0,0,2863,600,15000,0,4000,0,0,0,1,0.0,0,0.0,FLOODS,2007-01-18,2007-01-23,2007-01-23
0,0,0,0,20,0,0,0,0,0,0,0,0,0.0,0,0.0,FLOODS,2007-02-06,2007-02-11,2007-02-11
0,0,0,0,60,0,0,0,0,0,0,0,0,75.0,0,0.0,FLOODS,2007-02-17,2007-02-22,2007-02-22
0,0,0,0,0,0,0,0,0,0,0,0,0,0.0,0,0.0,FLOODS,2007-03-13,2007-03-18,2007-03-18
0,0,0,0,3,0,0,0,0,0,0,0,0,0.0,0,0.0,FLOODS,2007-03-19,2007-03-24,2007-03-24
0,0,0,0,0,0,0,0,0,0,0,0,0,0.0,0,0.0,FLOODS,2007-04-12,2007-04-17,2007-04-17
0,0,0,0,0,0,0,0,0,0,0,0,0,0.0,0,0.0,FLOODS,2007-05-01,2007-05-06,2007-05-06
0,0,0,0,0,0,0,0,30,0,0,0,0,0.0,0,0.0,FLOODS,2007-05-08,2007-05-13,2007-05-13
0,1,0,0,500,0,0,0,0,0,0,0,0,0.0,0,0.0,FLOODS,2007-05-15,2007-05-20,2007-05-20
0,0,0,0,0,0,0,0,0,0,0,0,0,0.0,0,0.0,FLOODS,2007-05-21,2007-05-26,2007-05-26
0,0,0,0,260,0,500,0,100,0,0,0,0,0.0,0,0.0,FLOODS,2007-06-01,2007-06-06,2007-06-06
0,0,0,0,470,1600,0,0,0,0,0,0,1,0.0,0,0.0,FLOODS,2007-06-12,2007-06-17,2007-06-17
0,0,0,4,558,0,2000,0,200,0,0,0,1,0.0,1,0.0,FLOODS,2007-06-19,2007-06-24,2007-06-24
3,3,0,0,468,0,0,0,10,0,70000000,0,1,0.0,0,0.0,FLOODS,2007-06-27,2007-07-02,2007-07-02
2,1,0,0,3147,2550,6904,0,850,0,0,0,0,0.0,0,0.0,FLOODS,2007-07-03,2007-07-08,2007-07-08
0,0,0,0,400,0,3000,0,0,0,0,1,0,5040.0,0,0.0,FLOODS,2007-07-09,2007-07-14,2007-07-14
3,0,0,14,1063,0,4500,0,100,0,0,0,0,500.0,0,0.0,FLOODS,2007-07-17,2007-07-22,2007-07-22
7,2,0,212,578,2000,1270,0,550,0,0,1,0,80.0,0,0.0,FLOODS,2007-07-24,2007-07-29,2007-07-29
5,0,1,441,525,200,1050,0,1200,0,600000,4,0,12030.0,0,0.0,FLOODS,2007-07-30,2007-08-04,2007-08-04
0,0,0,0,705,800,2100,0,0,0,0,0,0,0.0,0,0.0,FLOODS,2007-08-06,2007-08-11,2007-08-11
0,0,0,125,8439,2450,180,0,175,0,0,0,0,140.0,0,0.0,FLOODS,2007-09-15,2007-09-20,2007-09-20
1,0,2,0,0,0,0,0,0,0,0,0,0,0.0,0,0.0,FLOODS,2007-09-21,2007-09-26,2007-09-26
0,0,0,45,8030,718,0,0,50,0,0,0,0,0.0,0,0.0,FLOODS,2007-09-29,2007-10-04,2007-10-04
0,2,0,50,4613,11650,0,0,50,0,0,1,0,19000.0,0,0.0,FLOODS,2007-10-06,2007-10-11,2007-10-11
0,0,0,0,1680,3465,700,0,3250,0,0,0,0,0.0,0,0.0,FLOODS,2007-10-12,2007-10-17,2007-10-17
0,0,0,12420,113507,158391,1445041,0,851280,3100000000,318000000000,3872,37,1064598.0,0,3432142.6,FLOODS,2007-10-20,2007-10-25,2007-10-25
2,0,8,6,9067,2075,13700,0,9650,0,0,0,0,2000.0,0,0.0,FLOODS,2007-10-30,2007-11-04,2007-11-04
0,0,0,0,0,0,300,0,0,0,0,0,0,0.0,0,0.0,FLOODS,2007-11-11,2007-11-16,2007-11-16
0,0,0,0,1500,0,0,0,1652,0,0,0,0,0.0,0,0.0,FLOODS,2007-11-18,2007-11-23,2007-11-23
0,0,0,0,0,0,0,0,0,0,0,0,0,0.0,0,0.0,FLOODS,2007-11-28,2007-12-03,2007-12-03
0,0,0,0,0,0,0,0,18500,0,0,0,0,0.0,0,0.0,FLOODS,2007-12-12,2007-12-17,2007-12-17
0,0,0,0,100,0,0,0,0,0,0,0,0,0.0,0,0.0,FLOODS,2007-12-20,2007-12-25,2007-12-25
0,0,0,0,0,0,0,0,0,0,0,0,0,0.0,0,0.0,FLOODS,2007-12-27,2008-01-01,2008-01-01
0,0,0,0,280,0,0,0,0,0,0,0,0,46.0,0,0.0,FLOODS,2008-01-03,2008-01-08,2008-01-08
0,0,0,0,980,0,14000,0,0,0,0,0,0,0.0,0,0.0,FLOODS,2008-01-12,2008-01-17,2008-01-17
0,1,0,1,16,0,0,0,70,0,0,0,0,0.0,0,0.0,FLOODS,2008-01-21,2008-01-26,2008-01-26
0,0,0,0,0,0,0,0,0,0,0,0,0,0.0,0,0.0,FLOODS,2008-02-05,2008-02-10,2008-02-10
0,0,0,0,146,650,0,0,0,0,0,0,0,12000.0,0,0.0,FLOODS,2008-03-27,2008-04-01,2008-04-01
0,0,0,0,0,0,0,0,52,0,0,0,2,0.0,0,0.0,FLOODS,2008-04-16,2008-04-21,2008-04-21
0,0,0,0,10255,115,51200,0,0,0,0,0,0,0.0,0,0.0,FLOODS,2008-04-29,2008-05-04,2008-05-04
0,0,0,0,0,0,0,0,0,0,0,0,0,0.0,0,0.0,FLOODS,2008-05-09,2008-05-14,2008-05-14
0,0,0,0,0,0,0,0,0,0,0,1,0,0.0,0,0.0,FLOODS,2008-05-27,2008-06-01,2008-06-01
0,0,0,0,14155,114,206150,0,3650,0,800000,0,0,25000.0,0,0.0,FLOODS,2008-06-02,2008-06-07,2008-06-07
2,0,1,0,1738,1230,7000,0,48,0,0,5,1,0.0,0,0.0,FLOODS,2008-06-08,2008-06-13,2008-06-13
0,0,0,0,1025,0,0,0,0,0,0,0,0,0.0,0,0.0,FLOODS,2008-06-14,2008-06-19,2008-06-19
0,0,0,0,600,0,0,0,0,0,0,0,0,0.0,0,0.0,FLOODS,2008-06-24,2008-06-29,2008-06-29
0,0,1,0,2355,29200,105200,0,860,0,153000000,0,0,1200.0,0,0.0,FLOODS,2008-07-02,2008-07-07,2008-07-07
3,0,0,0,12314,10048,232934,0,5500,0,0,50,0,25800.0,0,0.0,FLOODS,2008-07-08,2008-07-13,2008-07-13
3,0,23,0,8405,20278,0,0,400,0,100000000,0,1,1852.0,0,0.0,FLOODS,2008-07-14,2008-07-19,2008-07-19
2,0,0,0,500,15000,110000,0,0,0,0,0,0,7011.0,0,0.0,FLOODS,2008-07-24,2008-07-29,2008-07-29
0,0,0,11,250,66,0,0,15,0,0,1,0,0.0,0,0.0,FLOODS,2008-07-30,2008-08-04,2008-08-04
0,0,0,0,226,0,500,0,0,0,0,0,0,1500.0,0,0.0,FLOODS,2008-08-06,2008-08-11,2008-08-11
0,0,0,4,197,70,0,0,250,0,0,0,0,0.0,0,0.0,FLOODS,2008-08-13,2008-08-18,2008-08-18
0,1,0,0,148,80,700,0,0,0,0,12,0,100.0,0,0.0,FLOODS,2008-08-19,2008-08-24,2008-08-24
7,6,0,170,19255,2050,8600,0,580,0,0,18,1,8000.0,0,0.0,FLOODS,2008-08-25,2008-08-30,2008-08-30
5,5,10,108,1133,5300,16685,0,30,0,100000000,0,0,15000.0,0,0.0,FLOODS,2008-08-31,2008-09-05,2008-09-05
4,1,0,229,8286,4250,1000,0,3970,0,50000000,10,0,37050.0,0,0.0,FLOODS,2008-09-06,2008-09-11,2008-09-11
0,0,1,0,5860,1700,1000,0,10100,0,0,6,1,26200.0,0,0.0,FLOODS,2008-09-12,2008-09-17,2008-09-17
0,9,0,44,16937,12500,100200,0,3445,0,0,11,0,33200.0,0,800000.0,FLOODS,2008-09-18,2008-09-23,2008-09-23
0,0,1,1400,8590,35400,65000,0,1660,0,0,1146,2,27080.0,0,200000.0,FLOODS,2008-09-24,2008-09-29,2008-09-29
0,0,0,5000,400,8200,120000,0,46500,0,0,0,0,1000.0,0,0.0,FLOODS,2008-09-30,2008-10-05,2008-10-05
0,4,0,0,250,0,0,0,0,0,0,0,0,0.0,0,0.0,FLOODS,2008-10-06,2008-10-11,2008-10-11
0,0,0,0,20,0,0,0,0,0,0,0,0,0.0,0,0.0,FLOODS,2008-10-13,2008-10-18,2008-10-18
4,0,4,0,8000,2200,106000,0,0,0,0,0,0,0.0,0,0.0,FLOODS,2008-10-20,2008-10-25,2008-10-25
3,0,0,0,0,0,0,0,0,0,0,0,0,1500.0,0,0.0,FLOODS,2008-10-29,2008-11-03,2008-11-03
0,0,0,0,30,0,0,0,100,0,0,0,0,0.0,0,0.0,FLOODS,2008-12-19,2008-12-24,2008-12-24
0,0,0,0,0,0,0,0,0,0,0,0,0,0.0,0,0.0,FLOODS,2008-12-29,2009-01-03,2009-01-03
0,0,0,0,0,0,0,0,0,0,0,0,0,0.0,0,0.0,FLOODS,2009-04-08,2009-04-13,2009-04-13
0,0,0,0,0,0,0,0,0,0,0,0,0,0.0,0,0.0,FLOODS,2009-05-14,2009-05-19,2009-05-19
4,1,5,0,210,0,0,0,50,0,0,0,0,0.0,0,0.0,FLOODS,2009-06-19,2009-06-24,2009-06-24
0,4,0,0,80,50,0,0,175,0,0,0,1,0.0,0,0.0,FLOODS,2009-06-27,2009-07-02,2009-07-02
0,0,0,0,245,400,0,0,0,0,0,1,0,0.0,0,0.0,FLOODS,2009-07-03,2009-07-08,2009-07-08
0,0,0,0,0,0,0,0,0,0,0,0,0,0.0,0,0.0,FLOODS,2009-07-25,2009-07-30,2009-07-30
0,0,0,0,0,0,0,0,0,0,0,0,0,0.0,0,0.0,FLOODS,2009-07-31,2009-08-05,2009-08-05
0,0,0,0,250,0,0,0,0,0,0,0,0,0.0,0,0.0,FLOODS,2009-08-06,2009-08-11,2009-08-11
0,0,0,0,4,0,0,0,0,0,0,0,0,0.0,0,0.0,FLOODS,2009-08-27,2009-09-01,2009-09-01
6,0,1,5,16995,204384,200050,0,10530,0,500000000,31,2,0.0,460,0.0,FLOODS,2009-09-05,2009-09-10,2009-09-10
1,0,0,0,6486,320,800,0,570,0,0,48,0,0.0,0,0.0,FLOODS,2009-09-11,2009-09-16,2009-09-16
3,1,0,18,700,0,12000,0,1200,0,0,14,0,0.0,0,0.0,FLOODS,2009-09-17,2009-09-22,2009-09-22
0,0,0,0,11350,21500,3000,0,200,0,0,25,0,17200.0,0,0.0,FLOODS,2009-09-25,2009-09-30,2009-09-30
0,0,0,0,0,0,200,0,0,0,0,0,0,24000.0,0,0.0,FLOODS,2009-10-04,2009-10-09,2009-10-09
0,0,0,0,635,394,14000,0,400,0,0,0,0,4300.0,0,0.0,FLOODS,2009-10-13,2009-10-18,2009-10-18
0,0,0,0,0,0,1000,0,0,0,0,0,0,0.0,0,0.0,FLOODS,2009-10-19,2009-10-24,2009-10-24
9,15,3,113,16980,297300,105600,0,1650,0,70000000,225,3,47225.0,700,0.0,FLOODS,2009-10-31,2009-11-05,2009-11-05
0,0,0,0,14100,61000,0,0,0,0,0,0,0,8900.0,300,0.0,FLOODS,2009-11-06,2009-11-11,2009-11-11
0,0,0,0,0,0,0,0,0,0,0,0,0,0.0,0,0.0,FLOODS,2010-01-05,2010-01-10,2010-01-10
22,700,2,120,25415,59000,65000,460,16600,0,100000000,40,2,3600.0,0,0.0,FLOODS,2010-02-04,2010-02-09,2010-02-09
2,0,0,100,2400,0,0,0,0,0,0,0,0,0.0,0,0.0,FLOODS,2010-02-10,2010-02-15,2010-02-15
0,0,0,0,0,0,0,0,0,0,0,0,0,368.0,0,0.0,FLOODS,2010-02-18,2010-02-23,2010-02-23
0,0,0,0,400,0,0,0,0,0,0,0,0,0.0,0,0.0,FLOODS,2010-03-07,2010-03-12,2010-03-12
0,0,0,0,0,0,0,0,0,0,0,0,0,20.0,0,0.0,FLOODS,2010-04-04,2010-04-09,2010-04-09
0,0,0,0,0,0,0,0,0,0,0,0,0,0.0,0,0.0,FLOODS,2010-04-10,2010-04-15,2010-04-15
0,0,0,0,120,689,0,0,700,0,0,0,0,0.0,0,0.0,FLOODS,2010-04-16,2010-04-21,2010-04-21
0,0,0,0,60,0,0,0,0,0,0,0,0,0.0,0,0.0,FLOODS,2010-05-14,2010-05-19,2010-05-19
0,0,0,0,750,0,0,0,0,0,0,0,0,0.0,0,0.0,FLOODS,2010-05-24,2010-05-29,2010-05-29
0,0,0,0,322,0,0,0,0,0,0,0,0,0.0,0,0.0,FLOODS,2010-05-30,2010-06-04,2010-06-04
0,0,0,0,0,0,0,0,0,0,0,0,0,0.0,0,0.0,FLOODS,2010-06-23,2010-06-28,2010-06-28
2,0,0,3074,20520,93600,246500,101,20006,0,0,448,0,27500.0,200,0.0,FLOODS,2010-06-29,2010-07-04,2010-07-04
1,1,0,3,1391,7123,430,0,160,0,10000000,0,2,0.0,0,0.0,FLOODS,2010-07-05,2010-07-10,2010-07-10
6,5,1,3,2152,12094,25000,0,3000,0,0,0,0,2500.0,0,0.0,FLOODS,2010-07-11,2010-07-16,2010-07-16
3,2,0,1,260,0,7500,0,350,0,0,0,0,0.0,0,0.0,FLOODS,2010-07-17,2010-07-22,2010-07-22
2,0,3,3,7697,21280,303800,0,61078,0,1500000,0,0,1200.0,0,0.0,FLOODS,2010-07-23,2010-07-28,2010-07-28
4,0,1,0,622,0,2470,1900,155,0,0,0,0,3700.0,0,0.0,FLOODS,2010-07-29,2010-08-03,2010-08-03
1,0,0,70,20215,7000,85000,0,0,0,0,23,1,40010.0,0,0.0,FLOODS,2010-08-04,2010-08-09,2010-08-09
1,0,0,4,226,1011,0,0,1000,0,0,0,0,0.0,0,200.0,FLOODS,2010-08-10,2010-08-15,2010-08-15
4,0,3,0,3064,2550,15000,0,1500,0,0,1,0,6.576,0,0.0,FLOODS,2010-08-17,2010-08-22,2010-08-22
2,0,0,0,3697,1600,300,0,0,0,0,2,0,0.0,0,100.0,FLOODS,2010-08-23,2010-08-28,2010-08-28
6,0,2,881,151163,431508,417032,0,144705,0,0,3594,50,511700.0,0,2800200.0,FLOODS,2010-08-29,2010-09-03,2010-09-03
1,0,0,0,3480,24050,30000,0,110120,0,0,0,0,28.0,0,0.0,FLOODS,2010-09-04,2010-09-09,2010-09-09
0,0,0,0,23,0,0,0,700,0,0,0,0,0.0,0,0.0,FLOODS,2010-09-11,2010-09-16,2010-09-16
7,0,0,200,3040,40250,8000,600,2500,0,60000000,0,11,30000.0,0,0.0,FLOODS,2010-09-17,2010-09-22,2010-09-22
10,0,1,31,13250,87000,0,0,14612,0,0,18,3,0.0,0,0.0,FLOODS,2010-09-23,2010-09-28,2010-09-28
0,0,0,10,18,0,0,0,20030,0,0,0,0,0.0,0,0.0,FLOODS,2010-09-29,2010-10-04,2010-10-04
0,0,0,0,0,0,0,0,0,0,0,0,0,0.0,0,0.0,FLOODS,2010-10-07,2010-10-12,2010-10-12
0,0,0,0,662,220,1500,0,0,0,0,0,0,0.0,0,0.0,FLOODS,2010-12-03,2010-12-08,2010-12-08
0,0,0,0,29,0,0,0,0,0,0,0,0,0.0,0,0.0,FLOODS,2011-02-03,2011-02-08,2011-02-08
0,0,0,0,0,0,0,0,0,0,0,0,0,0.0,0,0.0,FLOODS,2011-03-12,2011-03-17,2011-03-17
0,0,0,0,1011,0,0,0,400,0,0,0,0,0.0,0,0.0,FLOODS,2011-04-12,2011-04-17,2011-04-17
0,0,0,0,400,0,0,0,0,0,0,0,0,0.0,0,0.0,FLOODS,2011-04-18,2011-04-23,2011-04-23
0,0,0,0,0,0,0,0,0,0,0,0,0,0.0,0,0.0,FLOODS,2011-06-14,2011-06-19,2011-06-19
0,0,0,0,300,0,0,0,0,0,0,0,0,0.0,0,0.0,FLOODS,2011-06-21,2011-06-26,2011-06-26
4,3,0,2,13348,162,93340,0,2900,0,0,7,0,5700.0,0,0.0,FLOODS,2011-06-27,2011-07-02,2011-07-02
10,0,0,0,15288,29046,49000,0,2620,0,0,0,0,2224.0,101,0.0,FLOODS,2011-07-03,2011-07-08,2011-07-08
1,0,0,6,1103,0,0,0,0,0,0,1,0,0.0,0,0.0,FLOODS,2011-07-09,2011-07-14,2011-07-14
2,2,1,61,1203,10062,0,0,5050,0,0,0,0,0.0,0,200.0,FLOODS,2011-07-15,2011-07-20,2011-07-20
1,0,0,0,412,100,300,0,200,0,0,0,0,0.0,0,0.0,FLOODS,2011-07-21,2011-07-26,2011-07-26
1,0,0,0,493,0,0,0,0,0,0,0,0,0.0,0,0.0,FLOODS,2011-07-27,2011-08-01,2011-08-01
0,0,0,0,160,0,0,0,0,0,0,0,0,0.0,0,0.0,FLOODS,2011-08-03,2011-08-08,2011-08-08
0,0,0,0,2884,0,0,0,0,0,300000000,0,0,0.0,0,0.0,FLOODS,2011-08-09,2011-08-14,2011-08-14
0,0,0,0,0,0,0,0,0,0,0,0,0,0.0,0,0.0,FLOODS,2011-08-15,2011-08-20,2011-08-20
0,0,0,0,628,125,0,0,250,0,0,1,0,0.0,0,0.0,FLOODS,2011-08-22,2011-08-27,2011-08-27
1,0,0,0,3070,4800,3750,0,0,0,0,11,0,800.0,0,0.0,FLOODS,2011-08-29,2011-09-03,2011-09-03
2,0,0,6,6904,7185,0,0,250,0,0,4,2,10060.0,0,0.0,FLOODS,2011-09-04,2011-09-09,2011-09-09
0,0,0,0,849,0,0,0,0,0,0,0,0,400.0,0,0.0,FLOODS,2011-09-13,2011-09-18,2011-09-18
0,0,0,0,785,1259,19652,0,0,0,0,0,0,44000.0,1500000,0.0,FLOODS,2011-09-21,2011-09-26,2011-09-26
0,0,0,0,1800,700,0,0,0,0,0,0,0,0.0,0,0.0,FLOODS,2011-10-05,2011-10-10,2011-10-10
1,0,1,0,8457,47105,1000,0,0,0,0,0,0,12414.0,0,0.0,FLOODS,2011-10-11,2011-10-16,2011-10-16
1,3,0,0,88863,261500,414296,0,1500,0,0,546,44,343776.0,0,2020000.0,FLOODS,2011-10-17,2011-10-22,2011-10-22
0,0,0,0,100,0,0,0,0,0,0,0,0,0.0,0,0.0,FLOODS,2011-12-17,2011-12-22,2011-12-22
0,0,0,0,0,0,0,0,0,0,0,0,0,0.0,0,0.0,FLOODS,2012-01-15,2012-01-20,2012-01-20
0,0,0,0,605,0,0,0,0,0,0,0,0,0.0,0,0.0,FLOODS,2012-01-31,2012-02-05,2012-02-05
0,0,0,0,0,0,0,0,0,0,0,0,0,0.0,0,0.0,FLOODS,2012-03-12,2012-03-17,2012-03-17
0,0,0,0,200,1000,0,0,0,0,0,0,0,0.0,0,0.0,FLOODS,2012-04-11,2012-04-16,2012-04-16
0,0,0,0,90,0,0,0,0,0,0,0,0,0.0,0,0.0,FLOODS,2012-04-18,2012-04-23,2012-04-23
2,0,0,0,0,0,0,0,0,0,0,0,0,0.0,0,0.0,FLOODS,2012-05-20,2012-05-25,2012-05-25
0,0,0,0,0,0,0,0,0,0,0,0,0,0.0,0,0.0,FLOODS,2012-06-12,2012-06-17,2012-06-17
0,0,0,0,255,120,0,0,0,0,0,0,0,0.0,0,0.0,FLOODS,2012-06-18,2012-06-23,2012-06-23
0,0,0,0,361,200,0,0,0,0,0,0,1,470.0,0,0.0,FLOODS,2012-06-24,2012-06-29,2012-06-29
0,0,0,0,0,0,0,0,0,0,0,0,0,0.0,0,0.0,FLOODS,2012-07-01,2012-07-06,2012-07-06
0,0,0,0,31,0,0,0,0,0,0,0,0,0.0,0,0.0,FLOODS,2012-07-10,2012-07-15,2012-07-15
0,0,0,0,114,0,0,0,0,0,0,0,0,0.0,0,0.0,FLOODS,2012-07-18,2012-07-23,2012-07-23
0,0,0,1,160,60,0,0,0,0,0,0,0,0.0,0,0.0,FLOODS,2012-07-28,2012-08-02,2012-08-02
0,0,0,0,369,400,0,0,0,0,0,0,0,0.0,0,0.0,FLOODS,2012-08-05,2012-08-10,2012-08-10
0,0,0,0,867,0,0,0,350,0,0,0,0,0.0,0,0.0,FLOODS,2012-08-15,2012-08-20,2012-08-20
0,0,0,0,657,85,0,0,1200,0,0,4,0,0.0,0,0.0,FLOODS,2012-08-21,2012-08-26,2012-08-26
0,0,0,0,0,0,0,0,0,0,0,0,0,0.0,0,0.0,FLOODS,2012-08-27,2012-09-01,2012-09-01
0,0,0,0,0,0,0,0,0,0,0,0,1,0.0,0,0.0,FLOODS,2012-09-06,2012-09-11,2012-09-11
0,0,0,0,1105,350,0,0,50,0,0,0,0,0.0,0,0.0,FLOODS,2012-09-12,2012-09-17,2012-09-17
0,0,0,0,0,0,0,0,0,0,0,0,0,0.0,0,0.0,FLOODS,2012-09-18,2012-09-23,2012-09-23
0,1,0,0,31,0,1500,0,120,0,0,0,1,0.0,0,0.0,FLOODS,2012-09-26,2012-10-01,2012-10-01
0,0,0,0,92,50,0,0,0,0,0,0,1,0.0,0,0.0,FLOODS,2012-10-03,2012-10-08,2012-10-08
0,1,0,0,0,0,0,0,0,0,0,0,0,0.0,0,0.0,FLOODS,2012-11-12,2012-11-17,2012-11-17
0,0,0,0,0,0,0,0,0,0,0,0,0,0.0,0,0.0,FLOODS,2012-12-23,2012-12-28,2012-12-28
1,2,0,0,0,0,0,0,0,0,0,0,0,0.0,0,0.0,FLOODS,2013-01-03,2013-01-08,2013-01-08
0,0,0,0,0,0,0,0,0,0,0,0,0,0.0,0,0.0,FLOODS,2013-01-20,2013-01-25,2013-01-25
0,0,0,0,25,0,0,0,0,0,0,0,0,0.0,0,0.0,FLOODS,2013-04-27,2013-05-02,2013-05-02
6,0,0,0,300,2000,0,0,0,0,0,0,0,0.0,0,0.0,FLOODS,2013-05-11,2013-05-16,2013-05-16
0,0,0,8,312,0,1,0,0,0,0,3,0,0.0,0,0.0,FLOODS,2013-05-26,2013-05-31,2013-05-31
2,2,0,2,1293,413,0,0,890,0,1000000,1,1,175.0,0,0.0,FLOODS,2013-06-09,2013-06-14,2013-06-14
2,3,0,1023,12888,66127,0,0,0,0,500000000,69,0,0.0,0,0.0,FLOODS,2013-06-15,2013-06-20,2013-06-20
0,0,0,0,630,150,0,0,0,0,0,0,0,0.0,0,0.0,FLOODS,2013-06-21,2013-06-26,2013-06-26
5,8,2,20,913,180,0,0,0,0,0,0,0,0.0,0,0.0,FLOODS,2013-07-18,2013-07-23,2013-07-23
0,0,0,1,394,40,0,0,500,0,20000,0,0,0.0,0,0.0,FLOODS,2013-07-24,2013-07-29,2013-07-29
1,0,0,0,107,597,1500,0,0,0,0,0,0,0.0,0,0.0,FLOODS,2013-07-30,2013-08-04,2013-08-04
1,0,2,0,360,0,0,0,0,0,0,0,0,0.0,0,0.0,FLOODS,2013-08-12,2013-08-17,2013-08-17
0,0,0,0,365,400,0,0,100,0,0,1,1,0.0,0,0.0,FLOODS,2013-08-25,2013-08-30,2013-08-30
0,0,0,0,14547,0,70000,0,0,0,1000000000,2,0,0.0,0,0.0,FLOODS,2013-09-03,2013-09-08,2013-09-08
1,0,0,135,5535,7525,3000,0,570,0,0,2,2,4600.0,0,0.0,FLOODS,2013-09-10,2013-09-15,2013-09-15
4,0,0,0,900,5303,0,0,2500,0,0,234,0,57000.0,0,8000000.0,FLOODS,2013-09-16,2013-09-21,2013-09-21
2,0,0,0,2810,400,6000,0,0,0,0,1,0,0.0,0,0.0,FLOODS,2013-09-22,2013-09-27,2013-09-27
3,1,0,0,214,90,0,0,200,0,0,0,0,0.0,0,0.0,FLOODS,2013-10-06,2013-10-11,2013-10-11
0,0,0,0,206,15,0,0,0,0,0,0,0,0.0,0,0.0,FLOODS,2013-10-12,2013-10-17,2013-10-17
0,0,0,0,686,674,0,0,400,0,1500000,0,0,0.0,0,0.0,FLOODS,2013-10-20,2013-10-25,2013-10-25
0,0,0,0,800,60,0,0,3200,0,0,0,0,0.0,0,0.0,FLOODS,2013-10-26,2013-10-31,2013-10-31
2,0,0,0,0,0,0,0,0,0,0,0,0,0.0,0,0.0,FLOODS,2013-11-06,2013-11-11,2013-11-11
1,0,0,0,1389,0,182515,0,2500,0,0,134,0,59500.0,0,0.0,FLOODS,2013-11-13,2013-11-18,2013-11-18
0,0,0,0,0,0,0,0,0,0,0,0,0,0.0,0,0.0,FLOODS,2013-11-24,2013-11-29,2013-11-29
0,0,0,0,0,0,0,0,0,0,0,0,0,0.0,0,0.0,FLOODS,2013-12-06,2013-12-11,2013-12-11
0,0,0,0,45,144,0,0,0,0,0,0,0,0.0,0,0.0,FLOODS,2013-12-16,2013-12-21,2013-12-21
